t,Px,Py,Pz,yaw,vn,ve,vd,an,ae,ad
0.00000000,0.000000,0.000000,0.000000,104.178951,0.0000000000,0.0000000000,0.0000000000,-0.1397272855,0.4800794577,-0.1250000000
0.05000000,-0.000349,0.001200,-0.000312,104.178962,-0.0069863643,0.0240039729,-0.0062500000,-0.1397272855,0.4800794577,-0.1250000000
0.10000000,-0.001397,0.004801,-0.001250,104.178958,-0.0139727286,0.0480079458,-0.0125000000,-0.1397272855,0.4800794577,-0.1250000000
0.15000000,-0.003144,0.010802,-0.002812,104.178958,-0.0209590928,0.0720119187,-0.0187500000,-0.1397272855,0.4800794577,-0.1250000000
0.20000000,-0.005589,0.019203,-0.005000,104.178958,-0.0279454571,0.0960158915,-0.0250000000,-0.1397272855,0.4800794577,-0.1250000000
0.25000000,-0.008733,0.030005,-0.007813,104.178958,-0.0349318214,0.1200198644,-0.0312500000,-0.1397272855,0.4800794577,-0.1250000000
0.30000000,-0.012575,0.043207,-0.011250,104.178959,-0.0419181857,0.1440238373,-0.0375000000,-0.1397272855,0.4800794577,-0.1250000000
0.35000000,-0.017117,0.058810,-0.015313,104.178959,-0.0489045499,0.1680278102,-0.0437500000,-0.1397272855,0.4800794577,-0.1250000000
0.40000000,-0.022356,0.076813,-0.020000,104.178959,-0.0558909142,0.1920317831,-0.0500000000,-0.1397272855,0.4800794577,-0.1250000000
0.45000000,-0.028295,0.097216,-0.025312,104.178959,-0.0628772785,0.2160357560,-0.0562500000,-0.1397272855,0.4800794577,-0.1250000000
0.50000000,-0.034932,0.120020,-0.031250,104.178958,-0.0698636428,0.2400397288,-0.0625000000,-0.1397272855,0.4800794577,-0.1250000000
0.55000000,-0.042268,0.145224,-0.037813,104.178959,-0.0768500070,0.2640437017,-0.0687500000,-0.1397272855,0.4800794577,-0.1250000000
0.60000000,-0.050302,0.172829,-0.045000,104.178958,-0.0838363713,0.2880476746,-0.0750000000,-0.1397272855,0.4800794577,-0.1250000000
0.65000000,-0.059035,0.202834,-0.052813,104.178959,-0.0908227356,0.3120516475,-0.0812500000,-0.1397272855,0.4800794577,-0.1250000000
0.70000000,-0.068466,0.235239,-0.061250,104.178958,-0.0978090999,0.3360556204,-0.0875000000,-0.1397272855,0.4800794577,-0.1250000000
0.75000000,-0.078597,0.270045,-0.070313,104.178958,-0.1047954642,0.3600595933,-0.0937500000,-0.1397272855,0.4800794577,-0.1250000000
0.80000000,-0.089425,0.307251,-0.080000,104.178958,-0.1117818284,0.3840635661,-0.1000000000,-0.1397272855,0.4800794577,-0.1250000000
0.85000000,-0.100953,0.346857,-0.090312,104.178959,-0.1187681927,0.4080675390,-0.1062500000,-0.1397272855,0.4800794577,-0.1250000000
0.90000000,-0.113179,0.388864,-0.101250,104.178958,-0.1257545570,0.4320715119,-0.1125000000,-0.1397272855,0.4800794577,-0.1250000000
0.95000000,-0.126104,0.433272,-0.112813,104.178959,-0.1327409213,0.4560754848,-0.1187500000,-0.1397272855,0.4800794577,-0.1250000000
1.00000000,-0.139727,0.480079,-0.125000,104.178959,-0.1397272855,0.4800794577,-0.1250000000,-0.1397272855,0.4800794577,-0.1250000000
1.05000000,-0.154049,0.529288,-0.137813,104.178959,-0.1467136498,0.5040834306,-0.1312500000,-0.1397272855,0.4800794577,-0.1250000000
1.10000000,-0.169070,0.580896,-0.151250,104.178958,-0.1537000141,0.5280874034,-0.1375000000,-0.1397272855,0.4800794577,-0.1250000000
1.15000000,-0.184789,0.634905,-0.165312,104.178959,-0.1606863784,0.5520913763,-0.1437500000,-0.1397272855,0.4800794577,-0.1250000000
1.20000000,-0.201207,0.691314,-0.180000,104.178958,-0.1676727427,0.5760953492,-0.1500000000,-0.1397272855,0.4800794577,-0.1250000000
1.25000000,-0.218324,0.750124,-0.195313,104.178958,-0.1746591069,0.6000993221,-0.1562500000,-0.1397272855,0.4800794577,-0.1250000000
1.30000000,-0.236139,0.811334,-0.211250,104.178959,-0.1816454712,0.6241032950,-0.1625000000,-0.1397272855,0.4800794577,-0.1250000000
1.35000000,-0.254653,0.874945,-0.227812,104.178958,-0.1886318355,0.6481072679,-0.1687500000,-0.1397272855,0.4800794577,-0.1250000000
1.40000000,-0.273865,0.940956,-0.245000,104.178959,-0.1956181998,0.6721112407,-0.1750000000,-0.1397272855,0.4800794577,-0.1250000000
1.45000000,-0.293777,1.009367,-0.262813,104.178959,-0.2026045640,0.6961152136,-0.1812500000,-0.1397272855,0.4800794577,-0.1250000000
1.50000000,-0.314386,1.080179,-0.281250,104.178959,-0.2095909283,0.7201191865,-0.1875000000,-0.1397272855,0.4800794577,-0.1250000000
1.55000000,-0.335695,1.153391,-0.300313,104.178958,-0.2165772926,0.7441231594,-0.1937500000,-0.1397272855,0.4800794577,-0.1250000000
1.60000000,-0.357702,1.229003,-0.320000,104.178959,-0.2235636569,0.7681271323,-0.2000000000,-0.1397272855,0.4800794577,-0.1250000000
1.65000000,-0.380408,1.307016,-0.340312,104.178958,-0.2305500211,0.7921311052,-0.2062500000,-0.1397272855,0.4800794577,-0.1250000000
1.70000000,-0.403812,1.387430,-0.361250,104.178959,-0.2375363854,0.8161350780,-0.2125000000,-0.1397272855,0.4800794577,-0.1250000000
1.75000000,-0.427915,1.470243,-0.382813,104.178958,-0.2445227497,0.8401390509,-0.2187500000,-0.1397272855,0.4800794577,-0.1250000000
1.80000000,-0.452716,1.555457,-0.405000,104.178959,-0.2515091140,0.8641430238,-0.2250000000,-0.1397272855,0.4800794577,-0.1250000000
1.85000000,-0.478217,1.643072,-0.427813,104.178958,-0.2584954783,0.8881469967,-0.2312500000,-0.1397272855,0.4800794577,-0.1250000000
1.90000000,-0.504416,1.733087,-0.451250,104.178958,-0.2654818425,0.9121509696,-0.2375000000,-0.1397272855,0.4800794577,-0.1250000000
1.95000000,-0.531313,1.825502,-0.475313,104.178959,-0.2724682068,0.9361549425,-0.2437500000,-0.1397272855,0.4800794577,-0.1250000000
2.00000000,-0.558909,1.920318,-0.500000,104.178958,-0.2794545711,0.9601589153,-0.2500000000,-0.1397272855,0.4800794577,-0.1250000000
2.05000000,-0.587204,2.017534,-0.525312,104.178959,-0.2864409354,0.9841628882,-0.2562500000,-0.1397272855,0.4800794577,-0.1250000000
2.10000000,-0.616197,2.117150,-0.551250,104.178958,-0.2934272996,1.0081668611,-0.2625000000,-0.1397272855,0.4800794577,-0.1250000000
2.15000000,-0.645889,2.219167,-0.577813,104.178959,-0.3004136639,1.0321708340,-0.2687500000,-0.1397272855,0.4800794577,-0.1250000000
2.20000000,-0.676280,2.323585,-0.605000,104.178959,-0.3074000282,1.0561748069,-0.2750000000,-0.1397272855,0.4800794577,-0.1250000000
2.25000000,-0.707369,2.430402,-0.632813,104.178959,-0.3143863925,1.0801787798,-0.2812500000,-0.1397272855,0.4800794577,-0.1250000000
2.30000000,-0.739157,2.539620,-0.661250,104.178958,-0.3213727567,1.1041827526,-0.2875000000,-0.1397272855,0.4800794577,-0.1250000000
2.35000000,-0.771644,2.651239,-0.690312,104.178959,-0.3283591210,1.1281867255,-0.2937500000,-0.1397272855,0.4800794577,-0.1250000000
2.40000000,-0.804829,2.765258,-0.720000,104.178958,-0.3353454853,1.1521906984,-0.3000000000,-0.1397272855,0.4800794577,-0.1250000000
2.45000000,-0.838713,2.881677,-0.750312,104.178959,-0.3423318496,1.1761946713,-0.3062500000,-0.1397272855,0.4800794577,-0.1250000000
2.50000000,-0.873296,3.000497,-0.781250,104.178959,-0.3493182139,1.2001986442,-0.3125000000,-0.1397272855,0.4800794577,-0.1250000000
2.55000000,-0.908577,3.121717,-0.812812,104.178959,-0.3563045781,1.2242026171,-0.3187500000,-0.1397272855,0.4800794577,-0.1250000000
2.60000000,-0.944556,3.245337,-0.845000,104.178959,-0.3632909424,1.2482065899,-0.3250000000,-0.1397272855,0.4800794577,-0.1250000000
2.65000000,-0.981235,3.371358,-0.877812,104.178959,-0.3702773067,1.2722105628,-0.3312500000,-0.1397272855,0.4800794577,-0.1250000000
2.70000000,-1.018612,3.499779,-0.911250,104.178959,-0.3772636710,1.2962145357,-0.3375000000,-0.1397272855,0.4800794577,-0.1250000000
2.75000000,-1.056688,3.630601,-0.945313,104.178958,-0.3842500352,1.3202185086,-0.3437500000,-0.1397272855,0.4800794577,-0.1250000000
2.80000000,-1.095462,3.763823,-0.980000,104.178958,-0.3912363995,1.3442224815,-0.3500000000,-0.1397272855,0.4800794577,-0.1250000000
2.85000000,-1.134935,3.899445,-1.015313,104.178959,-0.3982227638,1.3682264544,-0.3562500000,-0.1397272855,0.4800794577,-0.1250000000
2.90000000,-1.175106,4.037468,-1.051250,104.178959,-0.4052091281,1.3922304272,-0.3625000000,-0.1397272855,0.4800794577,-0.1250000000
2.95000000,-1.215977,4.177891,-1.087812,104.178958,-0.4121954924,1.4162344001,-0.3687500000,-0.1397272855,0.4800794577,-0.1250000000
3.00000000,-1.257546,4.320715,-1.125000,104.178959,-0.4191818566,1.4402383730,-0.3750000000,-0.1397272855,0.4800794577,-0.1250000000
3.05000000,-1.299813,4.465939,-1.162813,104.178959,-0.4261682209,1.4642423459,-0.3812500000,-0.1397272855,0.4800794577,-0.1250000000
3.10000000,-1.342779,4.613564,-1.201250,104.178959,-0.4331545852,1.4882463188,-0.3875000000,-0.1397272855,0.4800794577,-0.1250000000
3.15000000,-1.386444,4.763588,-1.240313,104.178959,-0.4401409495,1.5122502917,-0.3937500000,-0.1397272855,0.4800794577,-0.1250000000
3.20000000,-1.430807,4.916014,-1.280000,104.178959,-0.4471273137,1.5362542645,-0.4000000000,-0.1397272855,0.4800794577,-0.1250000000
3.25000000,-1.475869,5.070839,-1.320313,104.178959,-0.4541136780,1.5602582374,-0.4062500000,-0.1397272855,0.4800794577,-0.1250000000
3.30000000,-1.521630,5.228065,-1.361250,104.178958,-0.4611000423,1.5842622103,-0.4125000000,-0.1397272855,0.4800794577,-0.1250000000
3.35000000,-1.568089,5.387692,-1.402812,104.178959,-0.4680864066,1.6082661832,-0.4187500000,-0.1397272855,0.4800794577,-0.1250000000
3.40000000,-1.615247,5.549719,-1.445000,104.178959,-0.4750727708,1.6322701561,-0.4250000000,-0.1397272855,0.4800794577,-0.1250000000
3.45000000,-1.663104,5.714146,-1.487813,104.178958,-0.4820591351,1.6562741290,-0.4312500000,-0.1397272855,0.4800794577,-0.1250000000
3.50000000,-1.711659,5.880973,-1.531250,104.178959,-0.4890454994,1.6802781018,-0.4375000000,-0.1397272855,0.4800794577,-0.1250000000
3.55000000,-1.760913,6.050201,-1.575313,104.178958,-0.4960318637,1.7042820747,-0.4437500000,-0.1397272855,0.4800794577,-0.1250000000
3.60000000,-1.810866,6.221830,-1.620000,104.178959,-0.5030182280,1.7282860476,-0.4500000000,-0.1397272855,0.4800794577,-0.1250000000
3.65000000,-1.861517,6.395859,-1.665312,104.178959,-0.5100045922,1.7522900205,-0.4562500000,-0.1397272855,0.4800794577,-0.1250000000
3.70000000,-1.912867,6.572288,-1.711250,104.178959,-0.5169909565,1.7762939934,-0.4625000000,-0.1397272855,0.4800794577,-0.1250000000
3.75000000,-1.964915,6.751117,-1.757813,104.178958,-0.5239773208,1.8002979663,-0.4687500000,-0.1397272855,0.4800794577,-0.1250000000
3.80000000,-2.017662,6.932347,-1.805000,104.178959,-0.5309636851,1.8243019391,-0.4750000000,-0.1397272855,0.4800794577,-0.1250000000
3.85000000,-2.071108,7.115978,-1.852812,104.178959,-0.5379500493,1.8483059120,-0.4812500000,-0.1397272855,0.4800794577,-0.1250000000
3.90000000,-2.125252,7.302009,-1.901250,104.178959,-0.5449364136,1.8723098849,-0.4875000000,-0.1397272855,0.4800794577,-0.1250000000
3.95000000,-2.180095,7.490440,-1.950313,104.178958,-0.5519227779,1.8963138578,-0.4937500000,-0.1397272855,0.4800794577,-0.1250000000
4.00000000,-2.235637,7.681271,-2.000000,104.178959,-0.5589091422,1.9203178307,-0.5000000000,-0.1397272855,0.4800794577,-0.1250000000
4.05000000,-2.263582,7.777287,-2.025000,104.178958,-0.5589091422,1.9203178307,-0.5000000000,0.0000000000,0.0000000000,0.0000000000
4.10000000,-2.291527,7.873303,-2.050000,104.178959,-0.5589091422,1.9203178307,-0.5000000000,0.0000000000,0.0000000000,0.0000000000
4.15000000,-2.319473,7.969319,-2.075000,104.178959,-0.5589091422,1.9203178307,-0.5000000000,0.0000000000,0.0000000000,0.0000000000
4.20000000,-2.347418,8.065335,-2.100000,104.178958,-0.5589091422,1.9203178307,-0.5000000000,0.0000000000,0.0000000000,0.0000000000
4.25000000,-2.375364,8.161351,-2.125000,104.178959,-0.5589091422,1.9203178307,-0.5000000000,0.0000000000,0.0000000000,0.0000000000
4.30000000,-2.403309,8.257367,-2.150000,104.178958,-0.5589091422,1.9203178307,-0.5000000000,0.0000000000,0.0000000000,0.0000000000
4.35000000,-2.431255,8.353383,-2.175000,104.178959,-0.5589091422,1.9203178307,-0.5000000000,0.0000000000,0.0000000000,0.0000000000
4.40000000,-2.459200,8.449398,-2.200000,104.178958,-0.5589091422,1.9203178307,-0.5000000000,0.0000000000,0.0000000000,0.0000000000
4.45000000,-2.487146,8.545414,-2.225000,104.178958,-0.5589091422,1.9203178307,-0.5000000000,0.0000000000,0.0000000000,0.0000000000
4.50000000,-2.515091,8.641430,-2.250000,104.178959,-0.5589091422,1.9203178307,-0.5000000000,0.0000000000,0.0000000000,0.0000000000
4.55000000,-2.543037,8.737446,-2.275000,104.178959,-0.5589091422,1.9203178307,-0.5000000000,0.0000000000,0.0000000000,0.0000000000
4.60000000,-2.570982,8.833462,-2.300000,104.178958,-0.5589091422,1.9203178307,-0.5000000000,0.0000000000,0.0000000000,0.0000000000
4.65000000,-2.598928,8.929478,-2.325000,104.178959,-0.5589091422,1.9203178307,-0.5000000000,0.0000000000,0.0000000000,0.0000000000
4.70000000,-2.626873,9.025494,-2.350000,104.178958,-0.5589091422,1.9203178307,-0.5000000000,0.0000000000,0.0000000000,0.0000000000
4.75000000,-2.654818,9.121510,-2.375000,104.178959,-0.5589091422,1.9203178307,-0.5000000000,0.0000000000,0.0000000000,0.0000000000
4.80000000,-2.682764,9.217526,-2.400000,104.178958,-0.5589091422,1.9203178307,-0.5000000000,0.0000000000,0.0000000000,0.0000000000
4.85000000,-2.710709,9.313541,-2.425000,104.178958,-0.5589091422,1.9203178307,-0.5000000000,0.0000000000,0.0000000000,0.0000000000
4.90000000,-2.738655,9.409557,-2.450000,104.178959,-0.5589091422,1.9203178307,-0.5000000000,0.0000000000,0.0000000000,0.0000000000
4.95000000,-2.766600,9.505573,-2.475000,104.178959,-0.5589091422,1.9203178307,-0.5000000000,0.0000000000,0.0000000000,0.0000000000
5.00000000,-2.794546,9.601589,-2.500000,104.178958,-0.5589091422,1.9203178307,-0.5000000000,0.0000000000,0.0000000000,0.0000000000
5.05000000,-2.822491,9.697605,-2.525000,104.178959,-0.5589091422,1.9203178307,-0.5000000000,0.0000000000,0.0000000000,0.0000000000
5.10000000,-2.850437,9.793621,-2.550000,104.178958,-0.5589091422,1.9203178307,-0.5000000000,0.0000000000,0.0000000000,0.0000000000
5.15000000,-2.878382,9.889637,-2.575000,104.178959,-0.5589091422,1.9203178307,-0.5000000000,0.0000000000,0.0000000000,0.0000000000
5.20000000,-2.906328,9.985653,-2.600000,104.178959,-0.5589091422,1.9203178307,-0.5000000000,0.0000000000,0.0000000000,0.0000000000
5.25000000,-2.934273,10.081669,-2.625000,104.178958,-0.5589091422,1.9203178307,-0.5000000000,0.0000000000,0.0000000000,0.0000000000
5.30000000,-2.962218,10.177685,-2.650000,104.178959,-0.5589091422,1.9203178307,-0.5000000000,0.0000000000,0.0000000000,0.0000000000
5.35000000,-2.990164,10.273700,-2.675000,104.178959,-0.5589091422,1.9203178307,-0.5000000000,0.0000000000,0.0000000000,0.0000000000
5.40000000,-3.018109,10.369716,-2.700000,104.178958,-0.5589091422,1.9203178307,-0.5000000000,0.0000000000,0.0000000000,0.0000000000
5.45000000,-3.046055,10.465732,-2.725000,104.178959,-0.5589091422,1.9203178307,-0.5000000000,0.0000000000,0.0000000000,0.0000000000
5.50000000,-3.074000,10.561748,-2.750000,104.178958,-0.5589091422,1.9203178307,-0.5000000000,0.0000000000,0.0000000000,0.0000000000
5.55000000,-3.101946,10.657764,-2.775000,104.178959,-0.5589091422,1.9203178307,-0.5000000000,0.0000000000,0.0000000000,0.0000000000
5.60000000,-3.129891,10.753780,-2.800000,104.178959,-0.5589091422,1.9203178307,-0.5000000000,0.0000000000,0.0000000000,0.0000000000
5.65000000,-3.157837,10.849796,-2.825000,104.178958,-0.5589091422,1.9203178307,-0.5000000000,0.0000000000,0.0000000000,0.0000000000
5.70000000,-3.185782,10.945812,-2.850000,104.178959,-0.5589091422,1.9203178307,-0.5000000000,0.0000000000,0.0000000000,0.0000000000
5.75000000,-3.213728,11.041828,-2.875000,104.178959,-0.5589091422,1.9203178307,-0.5000000000,0.0000000000,0.0000000000,0.0000000000
5.80000000,-3.241673,11.137843,-2.900000,104.178958,-0.5589091422,1.9203178307,-0.5000000000,0.0000000000,0.0000000000,0.0000000000
5.85000000,-3.269618,11.233859,-2.925000,104.178959,-0.5589091422,1.9203178307,-0.5000000000,0.0000000000,0.0000000000,0.0000000000
5.90000000,-3.297564,11.329875,-2.950000,104.178958,-0.5589091422,1.9203178307,-0.5000000000,0.0000000000,0.0000000000,0.0000000000
5.95000000,-3.325509,11.425891,-2.975000,104.178959,-0.5589091422,1.9203178307,-0.5000000000,0.0000000000,0.0000000000,0.0000000000
6.00000000,-3.353455,11.521907,-3.000000,104.178959,-0.5589091422,1.9203178307,-0.5000000000,0.0000000000,0.0000000000,0.0000000000
6.05000000,-3.381400,11.617923,-3.025000,104.178958,-0.5589091422,1.9203178307,-0.5000000000,0.0000000000,0.0000000000,0.0000000000
6.10000000,-3.409346,11.713939,-3.050000,104.178959,-0.5589091422,1.9203178307,-0.5000000000,0.0000000000,0.0000000000,0.0000000000
6.15000000,-3.437291,11.809955,-3.075000,104.178959,-0.5589091422,1.9203178307,-0.5000000000,0.0000000000,0.0000000000,0.0000000000
6.20000000,-3.465237,11.905971,-3.100000,104.178958,-0.5589091422,1.9203178307,-0.5000000000,0.0000000000,0.0000000000,0.0000000000
6.25000000,-3.493182,12.001986,-3.125000,104.178959,-0.5589091422,1.9203178307,-0.5000000000,0.0000000000,0.0000000000,0.0000000000
6.30000000,-3.521128,12.098002,-3.150000,104.178958,-0.5589091422,1.9203178307,-0.5000000000,0.0000000000,0.0000000000,0.0000000000
6.35000000,-3.549073,12.194018,-3.175000,104.178959,-0.5589091422,1.9203178307,-0.5000000000,0.0000000000,0.0000000000,0.0000000000
6.40000000,-3.577019,12.290034,-3.200000,104.178959,-0.5589091422,1.9203178307,-0.5000000000,0.0000000000,0.0000000000,0.0000000000
6.45000000,-3.604964,12.386050,-3.225000,104.178958,-0.5589091422,1.9203178307,-0.5000000000,0.0000000000,0.0000000000,0.0000000000
6.50000000,-3.632909,12.482066,-3.250000,104.178958,-0.5589091422,1.9203178307,-0.5000000000,0.0000000000,0.0000000000,0.0000000000
6.55000000,-3.660855,12.578082,-3.275000,104.178959,-0.5589091422,1.9203178307,-0.5000000000,0.0000000000,0.0000000000,0.0000000000
6.60000000,-3.688800,12.674098,-3.300000,104.178958,-0.5589091422,1.9203178307,-0.5000000000,0.0000000000,0.0000000000,0.0000000000
6.65000000,-3.716746,12.770114,-3.325000,104.178959,-0.5589091422,1.9203178307,-0.5000000000,0.0000000000,0.0000000000,0.0000000000
6.70000000,-3.744691,12.866129,-3.350000,104.178958,-0.5589091422,1.9203178307,-0.5000000000,0.0000000000,0.0000000000,0.0000000000
6.75000000,-3.772637,12.962145,-3.375000,104.178959,-0.5589091422,1.9203178307,-0.5000000000,0.0000000000,0.0000000000,0.0000000000
6.80000000,-3.800582,13.058161,-3.400000,104.178959,-0.5589091422,1.9203178307,-0.5000000000,0.0000000000,0.0000000000,0.0000000000
6.85000000,-3.828528,13.154177,-3.425000,104.178958,-0.5589091422,1.9203178307,-0.5000000000,0.0000000000,0.0000000000,0.0000000000
6.90000000,-3.856473,13.250193,-3.450000,104.178958,-0.5589091422,1.9203178307,-0.5000000000,0.0000000000,0.0000000000,0.0000000000
6.95000000,-3.884419,13.346209,-3.475000,104.178959,-0.5589091422,1.9203178307,-0.5000000000,0.0000000000,0.0000000000,0.0000000000
7.00000000,-3.912364,13.442225,-3.500000,104.178958,-0.5589091422,1.9203178307,-0.5000000000,0.0000000000,0.0000000000,0.0000000000
7.05000000,-3.940309,13.538241,-3.525000,104.178959,-0.5589091422,1.9203178307,-0.5000000000,0.0000000000,0.0000000000,0.0000000000
7.10000000,-3.968255,13.634257,-3.550000,104.178958,-0.5589091422,1.9203178307,-0.5000000000,0.0000000000,0.0000000000,0.0000000000
7.15000000,-3.996200,13.730272,-3.575000,104.178959,-0.5589091422,1.9203178307,-0.5000000000,0.0000000000,0.0000000000,0.0000000000
7.20000000,-4.024146,13.826288,-3.600000,104.178959,-0.5589091422,1.9203178307,-0.5000000000,0.0000000000,0.0000000000,0.0000000000
7.25000000,-4.052091,13.922304,-3.625000,104.178958,-0.5589091422,1.9203178307,-0.5000000000,0.0000000000,0.0000000000,0.0000000000
7.30000000,-4.080037,14.018320,-3.650000,104.178959,-0.5589091422,1.9203178307,-0.5000000000,0.0000000000,0.0000000000,0.0000000000
7.35000000,-4.107982,14.114336,-3.675000,104.178958,-0.5589091422,1.9203178307,-0.5000000000,0.0000000000,0.0000000000,0.0000000000
7.40000000,-4.135928,14.210352,-3.700000,104.178958,-0.5589091422,1.9203178307,-0.5000000000,0.0000000000,0.0000000000,0.0000000000
7.45000000,-4.163873,14.306368,-3.725000,104.178959,-0.5589091422,1.9203178307,-0.5000000000,0.0000000000,0.0000000000,0.0000000000
7.50000000,-4.191819,14.402384,-3.750000,104.178958,-0.5589091422,1.9203178307,-0.5000000000,0.0000000000,0.0000000000,0.0000000000
7.55000000,-4.219764,14.498400,-3.775000,104.178959,-0.5589091422,1.9203178307,-0.5000000000,0.0000000000,0.0000000000,0.0000000000
7.60000000,-4.247709,14.594416,-3.800000,104.178959,-0.5589091422,1.9203178307,-0.5000000000,0.0000000000,0.0000000000,0.0000000000
7.65000000,-4.275655,14.690431,-3.825000,104.178958,-0.5589091422,1.9203178307,-0.5000000000,0.0000000000,0.0000000000,0.0000000000
7.70000000,-4.303600,14.786447,-3.850000,104.178959,-0.5589091422,1.9203178307,-0.5000000000,0.0000000000,0.0000000000,0.0000000000
7.75000000,-4.331546,14.882463,-3.875000,104.178958,-0.5589091422,1.9203178307,-0.5000000000,0.0000000000,0.0000000000,0.0000000000
7.80000000,-4.359491,14.978479,-3.900000,104.178958,-0.5589091422,1.9203178307,-0.5000000000,0.0000000000,0.0000000000,0.0000000000
7.85000000,-4.387437,15.074495,-3.925000,104.178959,-0.5589091422,1.9203178307,-0.5000000000,0.0000000000,0.0000000000,0.0000000000
7.90000000,-4.415382,15.170511,-3.950000,104.178958,-0.5589091422,1.9203178307,-0.5000000000,0.0000000000,0.0000000000,0.0000000000
7.95000000,-4.443328,15.266527,-3.975000,104.178959,-0.5589091422,1.9203178307,-0.5000000000,0.0000000000,0.0000000000,0.0000000000
8.00000000,-4.471273,15.362543,-4.000000,104.178959,-0.5589091422,1.9203178307,-0.5000000000,0.0000000000,0.0000000000,0.0000000000
8.05000000,-4.499219,15.458559,-4.025000,104.178958,-0.5589091422,1.9203178307,-0.5000000000,0.0000000000,0.0000000000,0.0000000000
8.10000000,-4.527164,15.554574,-4.050000,104.178959,-0.5589091422,1.9203178307,-0.5000000000,0.0000000000,0.0000000000,0.0000000000
8.15000000,-4.555110,15.650590,-4.075000,104.178958,-0.5589091422,1.9203178307,-0.5000000000,0.0000000000,0.0000000000,0.0000000000
8.20000000,-4.583055,15.746606,-4.100000,104.178958,-0.5589091422,1.9203178307,-0.5000000000,0.0000000000,0.0000000000,0.0000000000
8.25000000,-4.611000,15.842622,-4.125000,104.178959,-0.5589091422,1.9203178307,-0.5000000000,0.0000000000,0.0000000000,0.0000000000
8.30000000,-4.638946,15.938638,-4.150000,104.178958,-0.5589091422,1.9203178307,-0.5000000000,0.0000000000,0.0000000000,0.0000000000
8.35000000,-4.666891,16.034654,-4.175000,104.178959,-0.5589091422,1.9203178307,-0.5000000000,0.0000000000,0.0000000000,0.0000000000
8.40000000,-4.694837,16.130670,-4.200000,104.178959,-0.5589091422,1.9203178307,-0.5000000000,0.0000000000,0.0000000000,0.0000000000
8.45000000,-4.722782,16.226686,-4.225000,104.178958,-0.5589091422,1.9203178307,-0.5000000000,0.0000000000,0.0000000000,0.0000000000
8.50000000,-4.750728,16.322702,-4.250000,104.178959,-0.5589091422,1.9203178307,-0.5000000000,0.0000000000,0.0000000000,0.0000000000
8.55000000,-4.778673,16.418717,-4.275000,104.178959,-0.5589091422,1.9203178307,-0.5000000000,0.0000000000,0.0000000000,0.0000000000
8.60000000,-4.806619,16.514733,-4.300000,104.178958,-0.5589091422,1.9203178307,-0.5000000000,0.0000000000,0.0000000000,0.0000000000
8.65000000,-4.834564,16.610749,-4.325000,104.178959,-0.5589091422,1.9203178307,-0.5000000000,0.0000000000,0.0000000000,0.0000000000
8.70000000,-4.862510,16.706765,-4.350000,104.178958,-0.5589091422,1.9203178307,-0.5000000000,0.0000000000,0.0000000000,0.0000000000
8.75000000,-4.890455,16.802781,-4.375000,104.178959,-0.5589091422,1.9203178307,-0.5000000000,0.0000000000,0.0000000000,0.0000000000
8.80000000,-4.918400,16.898797,-4.400000,104.178959,-0.5589091422,1.9203178307,-0.5000000000,0.0000000000,0.0000000000,0.0000000000
8.85000000,-4.946346,16.994813,-4.425000,104.178958,-0.5589091422,1.9203178307,-0.5000000000,0.0000000000,0.0000000000,0.0000000000
8.90000000,-4.974291,17.090829,-4.450000,104.178959,-0.5589091422,1.9203178307,-0.5000000000,0.0000000000,0.0000000000,0.0000000000
8.95000000,-5.002237,17.186845,-4.475000,104.178959,-0.5589091422,1.9203178307,-0.5000000000,0.0000000000,0.0000000000,0.0000000000
9.00000000,-5.030182,17.282860,-4.500000,104.178958,-0.5589091422,1.9203178307,-0.5000000000,0.0000000000,0.0000000000,0.0000000000
9.05000000,-5.058128,17.378876,-4.525000,104.178959,-0.5589091422,1.9203178307,-0.5000000000,0.0000000000,0.0000000000,0.0000000000
9.10000000,-5.086073,17.474892,-4.550000,104.178958,-0.5589091422,1.9203178307,-0.5000000000,0.0000000000,0.0000000000,0.0000000000
9.15000000,-5.114019,17.570908,-4.575000,104.178959,-0.5589091422,1.9203178307,-0.5000000000,0.0000000000,0.0000000000,0.0000000000
9.20000000,-5.141964,17.666924,-4.600000,104.178959,-0.5589091422,1.9203178307,-0.5000000000,0.0000000000,0.0000000000,0.0000000000
9.25000000,-5.169910,17.762940,-4.625000,104.178958,-0.5589091422,1.9203178307,-0.5000000000,0.0000000000,0.0000000000,0.0000000000
9.30000000,-5.197855,17.858956,-4.650000,104.178959,-0.5589091422,1.9203178307,-0.5000000000,0.0000000000,0.0000000000,0.0000000000
9.35000000,-5.225800,17.954972,-4.675000,104.178959,-0.5589091422,1.9203178307,-0.5000000000,0.0000000000,0.0000000000,0.0000000000
9.40000000,-5.253746,18.050988,-4.700000,104.178958,-0.5589091422,1.9203178307,-0.5000000000,0.0000000000,0.0000000000,0.0000000000
9.45000000,-5.281691,18.147004,-4.725000,104.178958,-0.5589091422,1.9203178307,-0.5000000000,0.0000000000,0.0000000000,0.0000000000
9.50000000,-5.309637,18.243019,-4.750000,104.178958,-0.5589091422,1.9203178307,-0.5000000000,0.0000000000,0.0000000000,0.0000000000
9.55000000,-5.337582,18.339035,-4.775000,104.178959,-0.5589091422,1.9203178307,-0.5000000000,0.0000000000,0.0000000000,0.0000000000
9.60000000,-5.365528,18.435051,-4.800000,104.178959,-0.5589091422,1.9203178307,-0.5000000000,0.0000000000,0.0000000000,0.0000000000
9.65000000,-5.393473,18.531067,-4.825000,104.178958,-0.5589091422,1.9203178307,-0.5000000000,0.0000000000,0.0000000000,0.0000000000
9.70000000,-5.421419,18.627083,-4.850000,104.178959,-0.5589091422,1.9203178307,-0.5000000000,0.0000000000,0.0000000000,0.0000000000
9.75000000,-5.449364,18.723099,-4.875000,104.178959,-0.5589091422,1.9203178307,-0.5000000000,0.0000000000,0.0000000000,0.0000000000
9.80000000,-5.477310,18.819115,-4.900000,104.178958,-0.5589091422,1.9203178307,-0.5000000000,0.0000000000,0.0000000000,0.0000000000
9.85000000,-5.505255,18.915131,-4.925000,104.178958,-0.5589091422,1.9203178307,-0.5000000000,0.0000000000,0.0000000000,0.0000000000
9.90000000,-5.533201,19.011147,-4.950000,104.178958,-0.5589091422,1.9203178307,-0.5000000000,0.0000000000,0.0000000000,0.0000000000
9.95000000,-5.561146,19.107162,-4.975000,104.178959,-0.5589091422,1.9203178307,-0.5000000000,0.0000000000,0.0000000000,0.0000000000
10.00000000,-5.589091,19.203178,-5.000000,104.178959,-0.5589091422,1.9203178307,-0.5000000000,0.0000000000,0.0000000000,0.0000000000
10.05000000,-5.617037,19.299194,-5.025000,104.178958,-0.5589091422,1.9203178307,-0.5000000000,0.0000000000,0.0000000000,0.0000000000
10.10000000,-5.644982,19.395210,-5.050000,104.178959,-0.5589091422,1.9203178307,-0.5000000000,0.0000000000,0.0000000000,0.0000000000
10.15000000,-5.672928,19.491226,-5.075000,104.178959,-0.5589091422,1.9203178307,-0.5000000000,0.0000000000,0.0000000000,0.0000000000
10.20000000,-5.700873,19.587242,-5.100000,104.178958,-0.5589091422,1.9203178307,-0.5000000000,0.0000000000,0.0000000000,0.0000000000
10.25000000,-5.728819,19.683258,-5.125000,104.178958,-0.5589091422,1.9203178307,-0.5000000000,0.0000000000,0.0000000000,0.0000000000
10.30000000,-5.756764,19.779274,-5.150000,104.178958,-0.5589091422,1.9203178307,-0.5000000000,0.0000000000,0.0000000000,0.0000000000
10.35000000,-5.784710,19.875290,-5.175000,104.178959,-0.5589091422,1.9203178307,-0.5000000000,0.0000000000,0.0000000000,0.0000000000
10.40000000,-5.812655,19.971305,-5.200000,104.178959,-0.5589091422,1.9203178307,-0.5000000000,0.0000000000,0.0000000000,0.0000000000
10.45000000,-5.840601,20.067321,-5.225000,104.178958,-0.5589091422,1.9203178307,-0.5000000000,0.0000000000,0.0000000000,0.0000000000
10.50000000,-5.868546,20.163337,-5.250000,104.178959,-0.5589091422,1.9203178307,-0.5000000000,0.0000000000,0.0000000000,0.0000000000
10.55000000,-5.896491,20.259353,-5.275000,104.178959,-0.5589091422,1.9203178307,-0.5000000000,0.0000000000,0.0000000000,0.0000000000
10.60000000,-5.924437,20.355369,-5.300000,104.178958,-0.5589091422,1.9203178307,-0.5000000000,0.0000000000,0.0000000000,0.0000000000
10.65000000,-5.952382,20.451385,-5.325000,104.178959,-0.5589091422,1.9203178307,-0.5000000000,0.0000000000,0.0000000000,0.0000000000
10.70000000,-5.980328,20.547401,-5.350000,104.178958,-0.5589091422,1.9203178307,-0.5000000000,0.0000000000,0.0000000000,0.0000000000
10.75000000,-6.008273,20.643417,-5.375000,104.178959,-0.5589091422,1.9203178307,-0.5000000000,0.0000000000,0.0000000000,0.0000000000
10.80000000,-6.036219,20.739433,-5.400000,104.178959,-0.5589091422,1.9203178307,-0.5000000000,0.0000000000,0.0000000000,0.0000000000
10.85000000,-6.064164,20.835448,-5.425000,104.178958,-0.5589091422,1.9203178307,-0.5000000000,0.0000000000,0.0000000000,0.0000000000
10.90000000,-6.092110,20.931464,-5.450000,104.178959,-0.5589091422,1.9203178307,-0.5000000000,0.0000000000,0.0000000000,0.0000000000
10.95000000,-6.120055,21.027480,-5.475000,104.178959,-0.5589091422,1.9203178307,-0.5000000000,0.0000000000,0.0000000000,0.0000000000
11.00000000,-6.148001,21.123496,-5.500000,104.178958,-0.5589091422,1.9203178307,-0.5000000000,0.0000000000,0.0000000000,0.0000000000
11.05000000,-6.175946,21.219512,-5.525000,104.178959,-0.5589091422,1.9203178307,-0.5000000000,0.0000000000,0.0000000000,0.0000000000
11.10000000,-6.203891,21.315528,-5.550000,104.178958,-0.5589091422,1.9203178307,-0.5000000000,0.0000000000,0.0000000000,0.0000000000
11.15000000,-6.231837,21.411544,-5.575000,104.178959,-0.5589091422,1.9203178307,-0.5000000000,0.0000000000,0.0000000000,0.0000000000
11.20000000,-6.259782,21.507560,-5.600000,104.178959,-0.5589091422,1.9203178307,-0.5000000000,0.0000000000,0.0000000000,0.0000000000
11.25000000,-6.287728,21.603576,-5.625000,104.178958,-0.5589091422,1.9203178307,-0.5000000000,0.0000000000,0.0000000000,0.0000000000
11.30000000,-6.315673,21.699591,-5.650000,104.178959,-0.5589091422,1.9203178307,-0.5000000000,0.0000000000,0.0000000000,0.0000000000
11.35000000,-6.343619,21.795607,-5.675000,104.178959,-0.5589091422,1.9203178307,-0.5000000000,0.0000000000,0.0000000000,0.0000000000
11.40000000,-6.371564,21.891623,-5.700000,104.178958,-0.5589091422,1.9203178307,-0.5000000000,0.0000000000,0.0000000000,0.0000000000
11.45000000,-6.399510,21.987639,-5.725000,104.178959,-0.5589091422,1.9203178307,-0.5000000000,0.0000000000,0.0000000000,0.0000000000
11.50000000,-6.427455,22.083655,-5.750000,104.178958,-0.5589091422,1.9203178307,-0.5000000000,0.0000000000,0.0000000000,0.0000000000
11.55000000,-6.455401,22.179671,-5.775000,104.178958,-0.5589091422,1.9203178307,-0.5000000000,0.0000000000,0.0000000000,0.0000000000
11.60000000,-6.483346,22.275687,-5.800000,104.178959,-0.5589091422,1.9203178307,-0.5000000000,0.0000000000,0.0000000000,0.0000000000
11.65000000,-6.511292,22.371703,-5.825000,104.178958,-0.5589091422,1.9203178307,-0.5000000000,0.0000000000,0.0000000000,0.0000000000
11.70000000,-6.539237,22.467719,-5.850000,104.178959,-0.5589091422,1.9203178307,-0.5000000000,0.0000000000,0.0000000000,0.0000000000
11.75000000,-6.567182,22.563735,-5.875000,104.178959,-0.5589091422,1.9203178307,-0.5000000000,0.0000000000,0.0000000000,0.0000000000
11.80000000,-6.595128,22.659750,-5.900000,104.178958,-0.5589091422,1.9203178307,-0.5000000000,0.0000000000,0.0000000000,0.0000000000
11.85000000,-6.623073,22.755766,-5.925000,104.178959,-0.5589091422,1.9203178307,-0.5000000000,0.0000000000,0.0000000000,0.0000000000
11.90000000,-6.651019,22.851782,-5.950000,104.178958,-0.5589091422,1.9203178307,-0.5000000000,0.0000000000,0.0000000000,0.0000000000
11.95000000,-6.678964,22.947798,-5.975000,104.178958,-0.5589091422,1.9203178307,-0.5000000000,0.0000000000,0.0000000000,0.0000000000
12.00000000,-6.706910,23.043814,-6.000000,104.178959,-0.5589091422,1.9203178307,-0.5000000000,0.0000000000,0.0000000000,0.0000000000
12.05000000,-6.734855,23.139830,-6.025000,104.178958,-0.5589091422,1.9203178307,-0.5000000000,0.0000000000,0.0000000000,0.0000000000
12.10000000,-6.762801,23.235846,-6.050000,104.178959,-0.5589091422,1.9203178307,-0.5000000000,0.0000000000,0.0000000000,0.0000000000
12.15000000,-6.790746,23.331862,-6.075000,104.178959,-0.5589091422,1.9203178307,-0.5000000000,0.0000000000,0.0000000000,0.0000000000
12.20000000,-6.818692,23.427878,-6.100000,104.178958,-0.5589091422,1.9203178307,-0.5000000000,0.0000000000,0.0000000000,0.0000000000
12.25000000,-6.846637,23.523893,-6.125000,104.178959,-0.5589091422,1.9203178307,-0.5000000000,0.0000000000,0.0000000000,0.0000000000
12.30000000,-6.874582,23.619909,-6.150000,104.178958,-0.5589091422,1.9203178307,-0.5000000000,0.0000000000,0.0000000000,0.0000000000
12.35000000,-6.902528,23.715925,-6.175000,104.178958,-0.5589091422,1.9203178307,-0.5000000000,0.0000000000,0.0000000000,0.0000000000
12.40000000,-6.930473,23.811941,-6.200000,104.178959,-0.5589091422,1.9203178307,-0.5000000000,0.0000000000,0.0000000000,0.0000000000
12.45000000,-6.958419,23.907957,-6.225000,104.178958,-0.5589091422,1.9203178307,-0.5000000000,0.0000000000,0.0000000000,0.0000000000
12.50000000,-6.986364,24.003973,-6.250000,104.178959,-0.5589091422,1.9203178307,-0.5000000000,0.0000000000,0.0000000000,0.0000000000
12.55000000,-7.014310,24.099989,-6.275000,104.178959,-0.5589091422,1.9203178307,-0.5000000000,0.0000000000,0.0000000000,0.0000000000
12.60000000,-7.042255,24.196005,-6.300000,104.178958,-0.5589091422,1.9203178307,-0.5000000000,0.0000000000,0.0000000000,0.0000000000
12.65000000,-7.070201,24.292021,-6.325000,104.178959,-0.5589091422,1.9203178307,-0.5000000000,0.0000000000,0.0000000000,0.0000000000
12.70000000,-7.098146,24.388036,-6.350000,104.178958,-0.5589091422,1.9203178307,-0.5000000000,0.0000000000,0.0000000000,0.0000000000
12.75000000,-7.126092,24.484052,-6.375000,104.178959,-0.5589091422,1.9203178307,-0.5000000000,0.0000000000,0.0000000000,0.0000000000
12.80000000,-7.154037,24.580068,-6.400000,104.178958,-0.5589091422,1.9203178307,-0.5000000000,0.0000000000,0.0000000000,0.0000000000
12.85000000,-7.181982,24.676084,-6.425000,104.178958,-0.5589091422,1.9203178307,-0.5000000000,0.0000000000,0.0000000000,0.0000000000
12.90000000,-7.209928,24.772100,-6.450000,104.178959,-0.5589091422,1.9203178307,-0.5000000000,0.0000000000,0.0000000000,0.0000000000
12.95000000,-7.237873,24.868116,-6.475000,104.178959,-0.5589091422,1.9203178307,-0.5000000000,0.0000000000,0.0000000000,0.0000000000
13.00000000,-7.265819,24.964132,-6.500000,104.178958,-0.5589091422,1.9203178307,-0.5000000000,0.0000000000,0.0000000000,0.0000000000
13.05000000,-7.293764,25.060148,-6.525000,104.178959,-0.5589091422,1.9203178307,-0.5000000000,0.0000000000,0.0000000000,0.0000000000
13.10000000,-7.321710,25.156164,-6.550000,104.178958,-0.5589091422,1.9203178307,-0.5000000000,0.0000000000,0.0000000000,0.0000000000
13.15000000,-7.349655,25.252179,-6.575000,104.178959,-0.5589091422,1.9203178307,-0.5000000000,0.0000000000,0.0000000000,0.0000000000
13.20000000,-7.377601,25.348195,-6.600000,104.178958,-0.5589091422,1.9203178307,-0.5000000000,0.0000000000,0.0000000000,0.0000000000
13.25000000,-7.405546,25.444211,-6.625000,104.178958,-0.5589091422,1.9203178307,-0.5000000000,0.0000000000,0.0000000000,0.0000000000
13.30000000,-7.433492,25.540227,-6.650000,104.178959,-0.5589091422,1.9203178307,-0.5000000000,0.0000000000,0.0000000000,0.0000000000
13.35000000,-7.461437,25.636243,-6.675000,104.178959,-0.5589091422,1.9203178307,-0.5000000000,0.0000000000,0.0000000000,0.0000000000
13.40000000,-7.489383,25.732259,-6.700000,104.178958,-0.5589091422,1.9203178307,-0.5000000000,0.0000000000,0.0000000000,0.0000000000
13.45000000,-7.517328,25.828275,-6.725000,104.178959,-0.5589091422,1.9203178307,-0.5000000000,0.0000000000,0.0000000000,0.0000000000
13.50000000,-7.545273,25.924291,-6.750000,104.178958,-0.5589091422,1.9203178307,-0.5000000000,0.0000000000,0.0000000000,0.0000000000
13.55000000,-7.573219,26.020307,-6.775000,104.178959,-0.5589091422,1.9203178307,-0.5000000000,0.0000000000,0.0000000000,0.0000000000
13.60000000,-7.601164,26.116322,-6.800000,104.178959,-0.5589091422,1.9203178307,-0.5000000000,0.0000000000,0.0000000000,0.0000000000
13.65000000,-7.629110,26.212338,-6.825000,104.178958,-0.5589091422,1.9203178307,-0.5000000000,0.0000000000,0.0000000000,0.0000000000
13.70000000,-7.657055,26.308354,-6.850000,104.178959,-0.5589091422,1.9203178307,-0.5000000000,0.0000000000,0.0000000000,0.0000000000
13.75000000,-7.685001,26.404370,-6.875000,104.178959,-0.5589091422,1.9203178307,-0.5000000000,0.0000000000,0.0000000000,0.0000000000
13.80000000,-7.712946,26.500386,-6.900000,104.178958,-0.5589091422,1.9203178307,-0.5000000000,0.0000000000,0.0000000000,0.0000000000
13.85000000,-7.740892,26.596402,-6.925000,104.178959,-0.5589091422,1.9203178307,-0.5000000000,0.0000000000,0.0000000000,0.0000000000
13.90000000,-7.768837,26.692418,-6.950000,104.178958,-0.5589091422,1.9203178307,-0.5000000000,0.0000000000,0.0000000000,0.0000000000
13.95000000,-7.796783,26.788434,-6.975000,104.178959,-0.5589091422,1.9203178307,-0.5000000000,0.0000000000,0.0000000000,0.0000000000
14.00000000,-7.824728,26.884450,-7.000000,104.178959,-0.5589091422,1.9203178307,-0.5000000000,0.0000000000,0.0000000000,0.0000000000
14.05000000,-7.852673,26.980466,-7.025000,104.178958,-0.5589091422,1.9203178307,-0.5000000000,0.0000000000,0.0000000000,0.0000000000
14.10000000,-7.880619,27.076481,-7.050000,104.178959,-0.5589091422,1.9203178307,-0.5000000000,0.0000000000,0.0000000000,0.0000000000
14.15000000,-7.908564,27.172497,-7.075000,104.178959,-0.5589091422,1.9203178307,-0.5000000000,0.0000000000,0.0000000000,0.0000000000
14.20000000,-7.936510,27.268513,-7.100000,104.178958,-0.5589091422,1.9203178307,-0.5000000000,0.0000000000,0.0000000000,0.0000000000
14.25000000,-7.964455,27.364529,-7.125000,104.178959,-0.5589091422,1.9203178307,-0.5000000000,0.0000000000,0.0000000000,0.0000000000
14.30000000,-7.992401,27.460545,-7.150000,104.178958,-0.5589091422,1.9203178307,-0.5000000000,0.0000000000,0.0000000000,0.0000000000
14.35000000,-8.020346,27.556561,-7.175000,104.178959,-0.5589091422,1.9203178307,-0.5000000000,0.0000000000,0.0000000000,0.0000000000
14.40000000,-8.048292,27.652577,-7.200000,104.178959,-0.5589091422,1.9203178307,-0.5000000000,0.0000000000,0.0000000000,0.0000000000
14.45000000,-8.076237,27.748593,-7.225000,104.178958,-0.5589091422,1.9203178307,-0.5000000000,0.0000000000,0.0000000000,0.0000000000
14.50000000,-8.104183,27.844609,-7.250000,104.178959,-0.5589091422,1.9203178307,-0.5000000000,0.0000000000,0.0000000000,0.0000000000
14.55000000,-8.132128,27.940624,-7.275000,104.178959,-0.5589091422,1.9203178307,-0.5000000000,0.0000000000,0.0000000000,0.0000000000
14.60000000,-8.160073,28.036640,-7.300000,104.178958,-0.5589091422,1.9203178307,-0.5000000000,0.0000000000,0.0000000000,0.0000000000
14.65000000,-8.188019,28.132656,-7.325000,104.178959,-0.5589091422,1.9203178307,-0.5000000000,0.0000000000,0.0000000000,0.0000000000
14.70000000,-8.215964,28.228672,-7.350000,104.178958,-0.5589091422,1.9203178307,-0.5000000000,0.0000000000,0.0000000000,0.0000000000
14.75000000,-8.243910,28.324688,-7.375000,104.178959,-0.5589091422,1.9203178307,-0.5000000000,0.0000000000,0.0000000000,0.0000000000
14.80000000,-8.271855,28.420704,-7.400000,104.178959,-0.5589091422,1.9203178307,-0.5000000000,0.0000000000,0.0000000000,0.0000000000
14.85000000,-8.299801,28.516720,-7.425000,104.178958,-0.5589091422,1.9203178307,-0.5000000000,0.0000000000,0.0000000000,0.0000000000
14.90000000,-8.327746,28.612736,-7.450000,104.178958,-0.5589091422,1.9203178307,-0.5000000000,0.0000000000,0.0000000000,0.0000000000
14.95000000,-8.355692,28.708752,-7.475000,104.178959,-0.5589091422,1.9203178307,-0.5000000000,0.0000000000,0.0000000000,0.0000000000
15.00000000,-8.383637,28.804767,-7.500000,104.178958,-0.5589091422,1.9203178307,-0.5000000000,0.0000000000,0.0000000000,0.0000000000
15.05000000,-8.411583,28.900783,-7.525000,104.178959,-0.5589091422,1.9203178307,-0.5000000000,0.0000000000,0.0000000000,0.0000000000
15.10000000,-8.439528,28.996799,-7.550000,104.178958,-0.5589091422,1.9203178307,-0.5000000000,0.0000000000,0.0000000000,0.0000000000
15.15000000,-8.467474,29.092815,-7.575000,104.178959,-0.5589091422,1.9203178307,-0.5000000000,0.0000000000,0.0000000000,0.0000000000
15.20000000,-8.495419,29.188831,-7.600000,104.178959,-0.5589091422,1.9203178307,-0.5000000000,0.0000000000,0.0000000000,0.0000000000
15.25000000,-8.523364,29.284847,-7.625000,104.178958,-0.5589091422,1.9203178307,-0.5000000000,0.0000000000,0.0000000000,0.0000000000
15.30000000,-8.551310,29.380863,-7.650000,104.178958,-0.5589091422,1.9203178307,-0.5000000000,0.0000000000,0.0000000000,0.0000000000
15.35000000,-8.579255,29.476879,-7.675000,104.178959,-0.5589091422,1.9203178307,-0.5000000000,0.0000000000,0.0000000000,0.0000000000
15.40000000,-8.607201,29.572895,-7.700000,104.178958,-0.5589091422,1.9203178307,-0.5000000000,0.0000000000,0.0000000000,0.0000000000
15.45000000,-8.635146,29.668910,-7.725000,104.178959,-0.5589091422,1.9203178307,-0.5000000000,0.0000000000,0.0000000000,0.0000000000
15.50000000,-8.663092,29.764926,-7.750000,104.178958,-0.5589091422,1.9203178307,-0.5000000000,0.0000000000,0.0000000000,0.0000000000
15.55000000,-8.691037,29.860942,-7.775000,104.178959,-0.5589091422,1.9203178307,-0.5000000000,0.0000000000,0.0000000000,0.0000000000
15.60000000,-8.718983,29.956958,-7.800000,104.178959,-0.5589091422,1.9203178307,-0.5000000000,0.0000000000,0.0000000000,0.0000000000
15.65000000,-8.746928,30.052974,-7.825000,104.178958,-0.5589091422,1.9203178307,-0.5000000000,0.0000000000,0.0000000000,0.0000000000
15.70000000,-8.774874,30.148990,-7.850000,104.178959,-0.5589091422,1.9203178307,-0.5000000000,0.0000000000,0.0000000000,0.0000000000
15.75000000,-8.802819,30.245006,-7.875000,104.178958,-0.5589091422,1.9203178307,-0.5000000000,0.0000000000,0.0000000000,0.0000000000
15.80000000,-8.830764,30.341022,-7.900000,104.178958,-0.5589091422,1.9203178307,-0.5000000000,0.0000000000,0.0000000000,0.0000000000
15.85000000,-8.858710,30.437038,-7.925000,104.178959,-0.5589091422,1.9203178307,-0.5000000000,0.0000000000,0.0000000000,0.0000000000
15.90000000,-8.886655,30.533054,-7.950000,104.178958,-0.5589091422,1.9203178307,-0.5000000000,0.0000000000,0.0000000000,0.0000000000
15.95000000,-8.914601,30.629069,-7.975000,104.178959,-0.5589091422,1.9203178307,-0.5000000000,0.0000000000,0.0000000000,0.0000000000
16.00000000,-8.942546,30.725085,-8.000000,104.178959,-0.5589091422,1.9203178307,-0.5000000000,0.0000000000,0.0000000000,0.0000000000
16.05000000,-8.970492,30.821101,-8.025000,104.178958,-0.5589091422,1.9203178307,-0.5000000000,0.0000000000,0.0000000000,0.0000000000
16.10000000,-8.998437,30.917117,-8.050000,104.178959,-0.5589091422,1.9203178307,-0.5000000000,0.0000000000,0.0000000000,0.0000000000
16.15000000,-9.026383,31.013133,-8.075000,104.178958,-0.5589091422,1.9203178307,-0.5000000000,0.0000000000,0.0000000000,0.0000000000
16.20000000,-9.054328,31.109149,-8.100000,104.178958,-0.5589091422,1.9203178307,-0.5000000000,0.0000000000,0.0000000000,0.0000000000
16.25000000,-9.082274,31.205165,-8.125000,104.178959,-0.5589091422,1.9203178307,-0.5000000000,0.0000000000,0.0000000000,0.0000000000
16.30000000,-9.110219,31.301181,-8.150000,104.178958,-0.5589091422,1.9203178307,-0.5000000000,0.0000000000,0.0000000000,0.0000000000
16.35000000,-9.138164,31.397197,-8.175000,104.178959,-0.5589091422,1.9203178307,-0.5000000000,0.0000000000,0.0000000000,0.0000000000
16.40000000,-9.166110,31.493212,-8.200000,105.178959,-0.5589091422,1.9203178307,-0.5000000000,0.0000000000,0.0000000000,0.0000000000
16.45000000,-9.110314,31.301506,-8.150085,106.178959,-0.5538184558,1.9028270883,-0.4954458731,0.1397272855,-0.4800794577,0.1250000000
16.50000000,-9.022730,31.000581,-8.071732,107.178959,-0.5468320915,1.8788231155,-0.4891958731,0.1397272855,-0.4800794577,0.1250000000
16.55000000,-8.934447,30.697257,-7.992754,108.178959,-0.5398457273,1.8548191426,-0.4829458731,0.1397272855,-0.4800794577,0.1250000000
16.60000000,-8.845465,30.391532,-7.913151,109.178959,-0.5328593630,1.8308151697,-0.4766958731,0.1397272855,-0.4800794577,0.1250000000
16.65000000,-8.755785,30.083406,-7.832924,110.178959,-0.5258729987,1.8068111968,-0.4704458731,0.1397272855,-0.4800794577,0.1250000000
16.70000000,-8.665407,29.772881,-7.752071,111.178959,-0.5188866344,1.7828072239,-0.4641958731,0.1397272855,-0.4800794577,0.1250000000
16.75000000,-8.574330,29.459954,-7.670593,112.178959,-0.5119002701,1.7588032510,-0.4579458731,0.1397272855,-0.4800794577,0.1250000000
16.80000000,-8.482554,29.144628,-7.588491,113.178959,-0.5049139059,1.7347992782,-0.4516958731,0.1397272855,-0.4800794577,0.1250000000
16.85000000,-8.390079,28.826901,-7.505763,114.178959,-0.4979275416,1.7107953053,-0.4454458731,0.1397272855,-0.4800794577,0.1250000000
16.90000000,-8.296906,28.506774,-7.422410,115.178959,-0.4909411773,1.6867913324,-0.4391958731,0.1397272855,-0.4800794577,0.1250000000
16.95000000,-8.203034,28.184246,-7.338433,116.178959,-0.4839548130,1.6627873595,-0.4329458731,0.1397272855,-0.4800794577,0.1250000000
17.00000000,-8.108464,27.859318,-7.253830,117.178959,-0.4769684488,1.6387833866,-0.4266958731,0.1397272855,-0.4800794577,0.1250000000
17.05000000,-8.013195,27.531989,-7.168602,118.178959,-0.4699820845,1.6147794137,-0.4204458731,0.1397272855,-0.4800794577,0.1250000000
17.10000000,-7.917227,27.202260,-7.082749,119.178959,-0.4629957202,1.5907754409,-0.4141958731,0.1397272855,-0.4800794577,0.1250000000
17.15000000,-7.820560,26.870131,-6.996272,120.178959,-0.4560093559,1.5667714680,-0.4079458731,0.1397272855,-0.4800794577,0.1250000000
17.20000000,-7.723195,26.535601,-6.909169,121.178959,-0.4490229917,1.5427674951,-0.4016958731,0.1397272855,-0.4800794577,0.1250000000
17.25000000,-7.625132,26.198671,-6.821441,122.178959,-0.4420366274,1.5187635222,-0.3954458731,0.1397272855,-0.4800794577,0.1250000000
17.30000000,-7.526370,25.859340,-6.733089,123.178959,-0.4350502631,1.4947595493,-0.3891958731,0.1397272855,-0.4800794577,0.1250000000
17.35000000,-7.426909,25.517609,-6.644111,124.178959,-0.4280638988,1.4707555764,-0.3829458731,0.1397272855,-0.4800794577,0.1250000000
17.40000000,-7.326749,25.173478,-6.554508,125.178959,-0.4210775345,1.4467516036,-0.3766958731,0.1397272855,-0.4800794577,0.1250000000
17.45000000,-7.225891,24.826946,-6.464280,126.178959,-0.4140911703,1.4227476307,-0.3704458731,0.1397272855,-0.4800794577,0.1250000000
17.50000000,-7.124334,24.478014,-6.373428,127.178959,-0.4071048060,1.3987436578,-0.3641958731,0.1397272855,-0.4800794577,0.1250000000
17.55000000,-7.022079,24.126681,-6.281950,128.178959,-0.4001184417,1.3747396849,-0.3579458731,0.1397272855,-0.4800794577,0.1250000000
17.60000000,-6.919125,23.772949,-6.189847,129.178959,-0.3931320774,1.3507357120,-0.3516958731,0.1397272855,-0.4800794577,0.1250000000
17.65000000,-6.815472,23.416815,-6.097120,130.178959,-0.3861457132,1.3267317391,-0.3454458731,0.1397272855,-0.4800794577,0.1250000000
17.70000000,-6.711120,23.058281,-6.003767,131.178959,-0.3791593489,1.3027277663,-0.3391958731,0.1397272855,-0.4800794577,0.1250000000
17.75000000,-6.606070,22.697347,-5.909789,132.178959,-0.3721729846,1.2787237934,-0.3329458731,0.1397272855,-0.4800794577,0.1250000000
17.80000000,-6.500322,22.334013,-5.815187,133.178959,-0.3651866203,1.2547198205,-0.3266958731,0.1397272855,-0.4800794577,0.1250000000
17.85000000,-6.393875,21.968278,-5.719959,134.178959,-0.3582002560,1.2307158476,-0.3204458731,0.1397272855,-0.4800794577,0.1250000000
17.90000000,-6.286729,21.600143,-5.624106,135.178959,-0.3512138918,1.2067118747,-0.3141958731,0.1397272855,-0.4800794577,0.1250000000
17.95000000,-6.178884,21.229607,-5.527628,136.178959,-0.3442275275,1.1827079018,-0.3079458731,0.1397272855,-0.4800794577,0.1250000000
18.00000000,-6.070341,20.856671,-5.430526,137.178959,-0.3372411632,1.1587039290,-0.3016958731,0.1397272855,-0.4800794577,0.1250000000
18.05000000,-5.961099,20.481334,-5.332798,138.178959,-0.3302547989,1.1346999561,-0.2954458731,0.1397272855,-0.4800794577,0.1250000000
18.10000000,-5.851159,20.103597,-5.234445,139.178959,-0.3232684347,1.1106959832,-0.2891958731,0.1397272855,-0.4800794577,0.1250000000
18.15000000,-5.740520,19.723460,-5.135468,140.178959,-0.3162820704,1.0866920103,-0.2829458731,0.1397272855,-0.4800794577,0.1250000000
18.20000000,-5.629182,19.340922,-5.035865,141.178959,-0.3092957061,1.0626880374,-0.2766958731,0.1397272855,-0.4800794577,0.1250000000
18.25000000,-5.517145,18.955984,-4.935637,142.178959,-0.3023093418,1.0386840645,-0.2704458731,0.1397272855,-0.4800794577,0.1250000000
18.30000000,-5.404410,18.568646,-4.834784,143.178959,-0.2953229776,1.0146800917,-0.2641958731,0.1397272855,-0.4800794577,0.1250000000
18.35000000,-5.290977,18.178907,-4.733307,144.178959,-0.2883366133,0.9906761188,-0.2579458731,0.1397272855,-0.4800794577,0.1250000000
18.40000000,-5.176845,17.786767,-4.631204,145.178959,-0.2813502490,0.9666721459,-0.2516958731,0.1397272855,-0.4800794577,0.1250000000
18.45000000,-5.062014,17.392228,-4.528476,146.178959,-0.2743638847,0.9426681730,-0.2454458731,0.1397272855,-0.4800794577,0.1250000000
18.50000000,-4.946484,16.995288,-4.425124,147.178959,-0.2673775204,0.9186642001,-0.2391958731,0.1397272855,-0.4800794577,0.1250000000
18.55000000,-4.830256,16.595947,-4.321146,148.178959,-0.2603911562,0.8946602272,-0.2329458731,0.1397272855,-0.4800794577,0.1250000000
18.60000000,-4.713329,16.194206,-4.216543,149.178959,-0.2534047919,0.8706562544,-0.2266958731,0.1397272855,-0.4800794577,0.1250000000
18.65000000,-4.595704,15.790065,-4.111316,150.178959,-0.2464184276,0.8466522815,-0.2204458731,0.1397272855,-0.4800794577,0.1250000000
18.70000000,-4.477380,15.383523,-4.005463,151.178959,-0.2394320633,0.8226483086,-0.2141958731,0.1397272855,-0.4800794577,0.1250000000
18.75000000,-4.358357,14.974581,-3.898985,152.178959,-0.2324456991,0.7986443357,-0.2079458731,0.1397272855,-0.4800794577,0.1250000000
18.80000000,-4.238635,14.563239,-3.791882,153.178959,-0.2254593348,0.7746403628,-0.2016958731,0.1397272855,-0.4800794577,0.1250000000
18.85000000,-4.118215,14.149496,-3.684155,154.178959,-0.2184729705,0.7506363899,-0.1954458731,0.1397272855,-0.4800794577,0.1250000000
18.90000000,-3.997097,13.733353,-3.575802,155.178959,-0.2114866062,0.7266324171,-0.1891958731,0.1397272855,-0.4800794577,0.1250000000
18.95000000,-3.875280,13.314809,-3.466824,156.178959,-0.2045002420,0.7026284442,-0.1829458731,0.1397272855,-0.4800794577,0.1250000000
19.00000000,-3.752764,12.893865,-3.357222,157.178959,-0.1975138777,0.6786244713,-0.1766958731,0.1397272855,-0.4800794577,0.1250000000
19.05000000,-3.629549,12.470520,-3.246994,158.178959,-0.1905275134,0.6546204984,-0.1704458731,0.1397272855,-0.4800794577,0.1250000000
19.10000000,-3.505636,12.044776,-3.136141,159.178959,-0.1835411491,0.6306165255,-0.1641958731,0.1397272855,-0.4800794577,0.1250000000
19.15000000,-3.381024,11.616630,-3.024663,160.178959,-0.1765547848,0.6066125526,-0.1579458731,0.1397272855,-0.4800794577,0.1250000000
19.20000000,-3.255714,11.186085,-2.912561,161.178959,-0.1695684206,0.5826085798,-0.1516958731,0.1397272855,-0.4800794577,0.1250000000
19.25000000,-3.129705,10.753139,-2.799833,162.178959,-0.1625820563,0.5586046069,-0.1454458731,0.1397272855,-0.4800794577,0.1250000000
19.30000000,-3.002997,10.317792,-2.686480,163.178959,-0.1555956920,0.5346006340,-0.1391958731,0.1397272855,-0.4800794577,0.1250000000
19.35000000,-2.875590,9.880045,-2.572503,164.178959,-0.1486093277,0.5105966611,-0.1329458731,0.1397272855,-0.4800794577,0.1250000000
19.40000000,-2.747485,9.439898,-2.457900,165.178959,-0.1416229635,0.4865926882,-0.1266958731,0.1397272855,-0.4800794577,0.1250000000
19.45000000,-2.618682,8.997351,-2.342672,166.178959,-0.1346365992,0.4625887153,-0.1204458731,0.1397272855,-0.4800794577,0.1250000000
19.50000000,-2.489180,8.552402,-2.226820,167.178959,-0.1276502349,0.4385847425,-0.1141958731,0.1397272855,-0.4800794577,0.1250000000
19.55000000,-2.358979,8.105054,-2.110342,168.178959,-0.1206638706,0.4145807696,-0.1079458731,0.1397272855,-0.4800794577,0.1250000000
19.60000000,-2.228079,7.655305,-1.993239,169.178959,-0.1136775063,0.3905767967,-0.1016958731,0.1397272855,-0.4800794577,0.1250000000
19.65000000,-2.096481,7.203156,-1.875511,170.178959,-0.1066911421,0.3665728238,-0.0954458731,0.1397272855,-0.4800794577,0.1250000000
19.70000000,-1.964184,6.748606,-1.757159,171.178959,-0.0997047778,0.3425688509,-0.0891958731,0.1397272855,-0.4800794577,0.1250000000
19.75000000,-1.831189,6.291656,-1.638181,172.178959,-0.0927184135,0.3185648780,-0.0829458731,0.1397272855,-0.4800794577,0.1250000000
19.80000000,-1.697495,5.832306,-1.518578,173.178959,-0.0857320492,0.2945609052,-0.0766958731,0.1397272855,-0.4800794577,0.1250000000
19.85000000,-1.563102,5.370555,-1.398351,174.178959,-0.0787456850,0.2705569323,-0.0704458731,0.1397272855,-0.4800794577,0.1250000000
19.90000000,-1.428010,4.906404,-1.277498,175.178959,-0.0717593207,0.2465529594,-0.0641958731,0.1397272855,-0.4800794577,0.1250000000
19.95000000,-1.292220,4.439852,-1.156020,176.178959,-0.0647729564,0.2225489865,-0.0579458731,0.1397272855,-0.4800794577,0.1250000000
20.00000000,-1.155732,3.970900,-1.033917,177.178959,-0.0577865921,0.1985450136,-0.0516958731,0.1397272855,-0.4800794577,0.1250000000
20.05000000,-1.018545,3.499548,-0.911190,178.178959,-0.0508002279,0.1745410407,-0.0454458731,0.1397272855,-0.4800794577,0.1250000000
20.10000000,-0.880659,3.025795,-0.787837,179.178959,-0.0438138636,0.1505370679,-0.0391958731,0.1397272855,-0.4800794577,0.1250000000
20.15000000,-0.742074,2.549642,-0.663859,180.178959,-0.0368274993,0.1265330950,-0.0329458731,0.1397272855,-0.4800794577,0.1250000000
20.20000000,-0.602791,2.071088,-0.539257,181.178959,-0.0298411350,0.1025291221,-0.0266958731,0.1397272855,-0.4800794577,0.1250000000
20.25000000,-0.462809,1.590134,-0.414029,182.178959,-0.0228547707,0.0785251492,-0.0204458731,0.1397272855,-0.4800794577,0.1250000000
20.30000000,-0.322129,1.106780,-0.288176,183.178959,-0.0158684065,0.0545211763,-0.0141958731,0.1397272855,-0.4800794577,0.1250000000
20.35000000,-0.180750,0.621025,-0.161699,184.178959,-0.0088820422,0.0305172034,-0.0079458731,0.1397272855,-0.4800794577,0.1250000000
20.40000000,-0.038672,0.132870,-0.034596,183.178959,-0.0018956779,0.0065132306,-0.0016958731,0.1397272855,-0.4800794577,0.1250000000
20.45000000,-9.174244,31.518895,-2.000166,184.178959,-0.0151225632,-0.0101562413,-0.0045541269,-0.4150785489,-0.2787647722,-0.1250000000
20.50000000,-9.176794,31.517183,-2.000934,185.178959,-0.0358764907,-0.0240944799,-0.0108041269,-0.4150785489,-0.2787647722,-0.1250000000
20.55000000,-9.181419,31.514076,-2.002327,186.178959,-0.0566304181,-0.0380327185,-0.0170541269,-0.4150785489,-0.2787647722,-0.1250000000
20.60000000,-9.188120,31.509576,-2.004345,187.178959,-0.0773843456,-0.0519709571,-0.0233041269,-0.4150785489,-0.2787647722,-0.1250000000
20.65000000,-9.196896,31.503682,-2.006988,188.178959,-0.0981382730,-0.0659091957,-0.0295541269,-0.4150785489,-0.2787647722,-0.1250000000
20.70000000,-9.207747,31.496394,-2.010255,189.178959,-0.1188922004,-0.0798474343,-0.0358041269,-0.4150785489,-0.2787647722,-0.1250000000
20.75000000,-9.220674,31.487713,-2.014148,190.178959,-0.1396461279,-0.0937856729,-0.0420541269,-0.4150785489,-0.2787647722,-0.1250000000
20.80000000,-9.235677,31.477637,-2.018666,191.178959,-0.1604000553,-0.1077239115,-0.0483041269,-0.4150785489,-0.2787647722,-0.1250000000
20.85000000,-9.252754,31.466168,-2.023809,192.178959,-0.1811539828,-0.1216621501,-0.0545541269,-0.4150785489,-0.2787647722,-0.1250000000
20.90000000,-9.271907,31.453305,-2.029577,193.178959,-0.2019079102,-0.1356003888,-0.0608041269,-0.4150785489,-0.2787647722,-0.1250000000
20.95000000,-9.293136,31.439048,-2.035970,194.178959,-0.2226618377,-0.1495386274,-0.0670541269,-0.4150785489,-0.2787647722,-0.1250000000
21.00000000,-9.316440,31.423397,-2.042988,195.178959,-0.2434157651,-0.1634768660,-0.0733041269,-0.4150785489,-0.2787647722,-0.1250000000
21.05000000,-9.341819,31.406353,-2.050631,196.178959,-0.2641696926,-0.1774151046,-0.0795541269,-0.4150785489,-0.2787647722,-0.1250000000
21.10000000,-9.369274,31.387914,-2.058899,197.178959,-0.2849236200,-0.1913533432,-0.0858041269,-0.4150785489,-0.2787647722,-0.1250000000
21.15000000,-9.398804,31.368082,-2.067792,198.178959,-0.3056775475,-0.2052915818,-0.0920541269,-0.4150785489,-0.2787647722,-0.1250000000
21.20000000,-9.430409,31.346856,-2.077310,199.178959,-0.3264314749,-0.2192298204,-0.0983041269,-0.4150785489,-0.2787647722,-0.1250000000
21.25000000,-9.464090,31.324236,-2.087453,200.178959,-0.3471854024,-0.2331680590,-0.1045541269,-0.4150785489,-0.2787647722,-0.1250000000
21.30000000,-9.499846,31.300222,-2.098220,201.178959,-0.3679393298,-0.2471062976,-0.1108041269,-0.4150785489,-0.2787647722,-0.1250000000
21.35000000,-9.537678,31.274815,-2.109613,202.178959,-0.3886932573,-0.2610445362,-0.1170541269,-0.4150785489,-0.2787647722,-0.1250000000
21.40000000,-9.577585,31.248013,-2.121631,203.178959,-0.4094471847,-0.2749827748,-0.1233041269,-0.4150785489,-0.2787647722,-0.1250000000
21.45000000,-9.619567,31.219818,-2.134274,204.178959,-0.4302011122,-0.2889210135,-0.1295541269,-0.4150785489,-0.2787647722,-0.1250000000
21.50000000,-9.663625,31.190229,-2.147542,205.178959,-0.4509550396,-0.3028592521,-0.1358041269,-0.4150785489,-0.2787647722,-0.1250000000
21.55000000,-9.709758,31.159247,-2.161435,206.178959,-0.4717089670,-0.3167974907,-0.1420541269,-0.4150785489,-0.2787647722,-0.1250000000
21.60000000,-9.757967,31.126870,-2.175953,207.178959,-0.4924628945,-0.3307357293,-0.1483041269,-0.4150785489,-0.2787647722,-0.1250000000
21.65000000,-9.808251,31.093099,-2.191096,208.178959,-0.5132168219,-0.3446739679,-0.1545541269,-0.4150785489,-0.2787647722,-0.1250000000
21.70000000,-9.860610,31.057935,-2.206864,209.178959,-0.5339707494,-0.3586122065,-0.1608041269,-0.4150785489,-0.2787647722,-0.1250000000
21.75000000,-9.915045,31.021377,-2.223257,210.178959,-0.5547246768,-0.3725504451,-0.1670541269,-0.4150785489,-0.2787647722,-0.1250000000
21.80000000,-9.971555,30.983425,-2.240275,211.178959,-0.5754786043,-0.3864886837,-0.1733041269,-0.4150785489,-0.2787647722,-0.1250000000
21.85000000,-10.030141,30.944079,-2.257917,212.178959,-0.5962325317,-0.4004269223,-0.1795541269,-0.4150785489,-0.2787647722,-0.1250000000
21.90000000,-10.090802,30.903340,-2.276185,213.178959,-0.6169864592,-0.4143651609,-0.1858041269,-0.4150785489,-0.2787647722,-0.1250000000
21.95000000,-10.153538,30.861206,-2.295078,214.178959,-0.6377403866,-0.4283033995,-0.1920541269,-0.4150785489,-0.2787647722,-0.1250000000
22.00000000,-10.218350,30.817679,-2.314596,215.178959,-0.6584943141,-0.4422416382,-0.1983041269,-0.4150785489,-0.2787647722,-0.1250000000
22.05000000,-10.285237,30.772758,-2.334739,216.178959,-0.6792482415,-0.4561798768,-0.2045541269,-0.4150785489,-0.2787647722,-0.1250000000
22.10000000,-10.354199,30.726443,-2.355507,217.178959,-0.7000021690,-0.4701181154,-0.2108041269,-0.4150785489,-0.2787647722,-0.1250000000
22.15000000,-10.425237,30.678735,-2.376900,-142.271737,-0.7207560964,-0.4840563540,-0.2170541269,-0.4150785489,-0.2787647722,-0.1250000000
22.20000000,-10.498351,30.629632,-2.398918,-142.271737,-0.7415100239,-0.4979945926,-0.2233041269,-0.4150785489,-0.2787647722,-0.1250000000
22.25000000,-10.573539,30.579136,-2.421561,-142.271737,-0.7622639513,-0.5119328312,-0.2295541269,-0.4150785489,-0.2787647722,-0.1250000000
22.30000000,-10.650803,30.527246,-2.444829,-142.271737,-0.7830178788,-0.5258710698,-0.2358041269,-0.4150785489,-0.2787647722,-0.1250000000
22.35000000,-10.730143,30.473962,-2.468722,-142.271737,-0.8037718062,-0.5398093084,-0.2420541269,-0.4150785489,-0.2787647722,-0.1250000000
22.40000000,-10.811558,30.419284,-2.493240,-142.271737,-0.8245257336,-0.5537475470,-0.2483041269,-0.4150785489,-0.2787647722,-0.1250000000
22.45000000,-10.895048,30.363212,-2.518382,-142.271737,-0.8452796611,-0.5676857856,-0.2545541269,-0.4150785489,-0.2787647722,-0.1250000000
22.50000000,-10.980614,30.305747,-2.544150,-142.271737,-0.8660335885,-0.5816240242,-0.2608041269,-0.4150785489,-0.2787647722,-0.1250000000
22.55000000,-11.068255,30.246888,-2.570543,-142.271737,-0.8867875160,-0.5955622629,-0.2670541269,-0.4150785489,-0.2787647722,-0.1250000000
22.60000000,-11.157971,30.186634,-2.597561,-142.271737,-0.9075414434,-0.6095005015,-0.2733041269,-0.4150785489,-0.2787647722,-0.1250000000
22.65000000,-11.249763,30.124988,-2.625204,-142.271737,-0.9282953709,-0.6234387401,-0.2795541269,-0.4150785489,-0.2787647722,-0.1250000000
22.70000000,-11.343630,30.061947,-2.653472,-142.271737,-0.9490492983,-0.6373769787,-0.2858041269,-0.4150785489,-0.2787647722,-0.1250000000
22.75000000,-11.439573,29.997512,-2.682365,-142.271738,-0.9698032258,-0.6513152173,-0.2920541269,-0.4150785489,-0.2787647722,-0.1250000000
22.80000000,-11.537591,29.931684,-2.711883,-142.271737,-0.9905571532,-0.6652534559,-0.2983041269,-0.4150785489,-0.2787647722,-0.1250000000
22.85000000,-11.637684,29.864462,-2.742026,-142.271737,-1.0113110807,-0.6791916945,-0.3045541269,-0.4150785489,-0.2787647722,-0.1250000000
22.90000000,-11.739853,29.795846,-2.772794,-142.271737,-1.0320650081,-0.6931299331,-0.3108041269,-0.4150785489,-0.2787647722,-0.1250000000
22.95000000,-11.844097,29.725836,-2.804187,-142.271738,-1.0528189356,-0.7070681717,-0.3170541269,-0.4150785489,-0.2787647722,-0.1250000000
23.00000000,-11.950417,29.654432,-2.836204,-142.271737,-1.0735728630,-0.7210064103,-0.3233041269,-0.4150785489,-0.2787647722,-0.1250000000
23.05000000,-12.058812,29.581635,-2.868847,-142.271737,-1.0943267905,-0.7349446489,-0.3295541269,-0.4150785489,-0.2787647722,-0.1250000000
23.10000000,-12.169282,29.507443,-2.902115,-142.271737,-1.1150807179,-0.7488828876,-0.3358041269,-0.4150785489,-0.2787647722,-0.1250000000
23.15000000,-12.281828,29.431858,-2.936008,-142.271737,-1.1358346454,-0.7628211262,-0.3420541269,-0.4150785489,-0.2787647722,-0.1250000000
23.20000000,-12.396449,29.354879,-2.970526,-142.271737,-1.1565885728,-0.7767593648,-0.3483041269,-0.4150785489,-0.2787647722,-0.1250000000
23.25000000,-12.513146,29.276506,-3.005669,-142.271737,-1.1773425002,-0.7906976034,-0.3545541269,-0.4150785489,-0.2787647722,-0.1250000000
23.30000000,-12.631918,29.196740,-3.041437,-142.271737,-1.1980964277,-0.8046358420,-0.3608041269,-0.4150785489,-0.2787647722,-0.1250000000
23.35000000,-12.752765,29.115579,-3.077830,-142.271737,-1.2188503551,-0.8185740806,-0.3670541269,-0.4150785489,-0.2787647722,-0.1250000000
23.40000000,-12.875688,29.033025,-3.114848,-142.271737,-1.2396042826,-0.8325123192,-0.3733041269,-0.4150785489,-0.2787647722,-0.1250000000
23.45000000,-13.000686,28.949077,-3.152491,-142.271737,-1.2603582100,-0.8464505578,-0.3795541269,-0.4150785489,-0.2787647722,-0.1250000000
23.50000000,-13.127759,28.863735,-3.190759,-142.271737,-1.2811121375,-0.8603887964,-0.3858041269,-0.4150785489,-0.2787647722,-0.1250000000
23.55000000,-13.256908,28.776999,-3.229652,-142.271737,-1.3018660649,-0.8743270350,-0.3920541269,-0.4150785489,-0.2787647722,-0.1250000000
23.60000000,-13.388133,28.688870,-3.269169,-142.271737,-1.3226199924,-0.8882652736,-0.3983041269,-0.4150785489,-0.2787647722,-0.1250000000
23.65000000,-13.521432,28.599347,-3.309312,-142.271737,-1.3433739198,-0.9022035123,-0.4045541269,-0.4150785489,-0.2787647722,-0.1250000000
23.70000000,-13.656807,28.508429,-3.350080,-142.271737,-1.3641278473,-0.9161417509,-0.4108041269,-0.4150785489,-0.2787647722,-0.1250000000
23.75000000,-13.794258,28.416118,-3.391473,-142.271737,-1.3848817747,-0.9300799895,-0.4170541269,-0.4150785489,-0.2787647722,-0.1250000000
23.80000000,-13.933784,28.322413,-3.433491,-142.271737,-1.4056357022,-0.9440182281,-0.4233041269,-0.4150785489,-0.2787647722,-0.1250000000
23.85000000,-14.075385,28.227315,-3.476134,-142.271737,-1.4263896296,-0.9579564667,-0.4295541269,-0.4150785489,-0.2787647722,-0.1250000000
23.90000000,-14.219062,28.130822,-3.519402,-142.271737,-1.4471435571,-0.9718947053,-0.4358041269,-0.4150785489,-0.2787647722,-0.1250000000
23.95000000,-14.364814,28.032936,-3.563295,-142.271737,-1.4678974845,-0.9858329439,-0.4420541269,-0.4150785489,-0.2787647722,-0.1250000000
24.00000000,-14.512641,27.933656,-3.607813,-142.271737,-1.4886514120,-0.9997711825,-0.4483041269,-0.4150785489,-0.2787647722,-0.1250000000
24.05000000,-14.662544,27.832982,-3.652956,-142.271737,-1.5094053394,-1.0137094211,-0.4545541269,-0.4150785489,-0.2787647722,-0.1250000000
24.10000000,-14.814522,27.730914,-3.698724,-142.271737,-1.5301592668,-1.0276476597,-0.4608041269,-0.4150785489,-0.2787647722,-0.1250000000
24.15000000,-14.968576,27.627453,-3.745116,-142.271737,-1.5509131943,-1.0415858983,-0.4670541269,-0.4150785489,-0.2787647722,-0.1250000000
24.20000000,-15.124705,27.522597,-3.792134,-142.271737,-1.5716671217,-1.0555241370,-0.4733041269,-0.4150785489,-0.2787647722,-0.1250000000
24.25000000,-15.282909,27.416348,-3.839777,-142.271737,-1.5924210492,-1.0694623756,-0.4795541269,-0.4150785489,-0.2787647722,-0.1250000000
24.30000000,-15.443189,27.308705,-3.888045,-142.271737,-1.6131749766,-1.0834006142,-0.4858041269,-0.4150785489,-0.2787647722,-0.1250000000
24.35000000,-15.605544,27.199668,-3.936938,-142.271737,-1.6339289041,-1.0973388528,-0.4920541269,-0.4150785489,-0.2787647722,-0.1250000000
24.40000000,-15.769975,27.089237,-3.986456,-142.271737,-1.6546828315,-1.1112770914,-0.4983041269,-0.4150785489,-0.2787647722,-0.1250000000
24.45000000,-15.875440,27.018408,-4.018217,-142.271737,-1.6603141958,-1.1150590887,-0.5000000000,0.0000000000,0.0000000000,0.0000000000
24.50000000,-15.958455,26.962655,-4.043217,-142.271737,-1.6603141958,-1.1150590887,-0.5000000000,0.0000000000,0.0000000000,0.0000000000
24.55000000,-16.041471,26.906902,-4.068217,-142.271737,-1.6603141958,-1.1150590887,-0.5000000000,0.0000000000,0.0000000000,0.0000000000
24.60000000,-16.124487,26.851149,-4.093217,-142.271737,-1.6603141958,-1.1150590887,-0.5000000000,0.0000000000,0.0000000000,0.0000000000
24.65000000,-16.207503,26.795396,-4.118217,-142.271737,-1.6603141958,-1.1150590887,-0.5000000000,0.0000000000,0.0000000000,0.0000000000
24.70000000,-16.290518,26.739643,-4.143217,-142.271737,-1.6603141958,-1.1150590887,-0.5000000000,0.0000000000,0.0000000000,0.0000000000
24.75000000,-16.373534,26.683890,-4.168217,-142.271737,-1.6603141958,-1.1150590887,-0.5000000000,0.0000000000,0.0000000000,0.0000000000
24.80000000,-16.456550,26.628137,-4.193217,-142.271737,-1.6603141958,-1.1150590887,-0.5000000000,0.0000000000,0.0000000000,0.0000000000
24.85000000,-16.539565,26.572384,-4.218217,-142.271737,-1.6603141958,-1.1150590887,-0.5000000000,0.0000000000,0.0000000000,0.0000000000
24.90000000,-16.622581,26.516632,-4.243217,-142.271737,-1.6603141958,-1.1150590887,-0.5000000000,0.0000000000,0.0000000000,0.0000000000
24.95000000,-16.705597,26.460879,-4.268217,-142.271737,-1.6603141958,-1.1150590887,-0.5000000000,0.0000000000,0.0000000000,0.0000000000
25.00000000,-16.788612,26.405126,-4.293217,-142.271737,-1.6603141958,-1.1150590887,-0.5000000000,0.0000000000,0.0000000000,0.0000000000
25.05000000,-16.871628,26.349373,-4.318217,-142.271737,-1.6603141958,-1.1150590887,-0.5000000000,0.0000000000,0.0000000000,0.0000000000
25.10000000,-16.954644,26.293620,-4.343217,-142.271737,-1.6603141958,-1.1150590887,-0.5000000000,0.0000000000,0.0000000000,0.0000000000
25.15000000,-17.037660,26.237867,-4.368217,-142.271737,-1.6603141958,-1.1150590887,-0.5000000000,0.0000000000,0.0000000000,0.0000000000
25.20000000,-17.120675,26.182114,-4.393217,-142.271737,-1.6603141958,-1.1150590887,-0.5000000000,0.0000000000,0.0000000000,0.0000000000
25.25000000,-17.203691,26.126361,-4.418217,-142.271737,-1.6603141958,-1.1150590887,-0.5000000000,0.0000000000,0.0000000000,0.0000000000
25.30000000,-17.286707,26.070608,-4.443217,-142.271737,-1.6603141958,-1.1150590887,-0.5000000000,0.0000000000,0.0000000000,0.0000000000
25.35000000,-17.369722,26.014855,-4.468217,-142.271737,-1.6603141958,-1.1150590887,-0.5000000000,0.0000000000,0.0000000000,0.0000000000
25.40000000,-17.452738,25.959102,-4.493217,-142.271737,-1.6603141958,-1.1150590887,-0.5000000000,0.0000000000,0.0000000000,0.0000000000
25.45000000,-17.535754,25.903350,-4.518217,-142.271737,-1.6603141958,-1.1150590887,-0.5000000000,0.0000000000,0.0000000000,0.0000000000
25.50000000,-17.618770,25.847597,-4.543217,-142.271737,-1.6603141958,-1.1150590887,-0.5000000000,0.0000000000,0.0000000000,0.0000000000
25.55000000,-17.701785,25.791844,-4.568217,-142.271737,-1.6603141958,-1.1150590887,-0.5000000000,0.0000000000,0.0000000000,0.0000000000
25.60000000,-17.784801,25.736091,-4.593217,-142.271737,-1.6603141958,-1.1150590887,-0.5000000000,0.0000000000,0.0000000000,0.0000000000
25.65000000,-17.867817,25.680338,-4.618217,-142.271737,-1.6603141958,-1.1150590887,-0.5000000000,0.0000000000,0.0000000000,0.0000000000
25.70000000,-17.950832,25.624585,-4.643217,-142.271737,-1.6603141958,-1.1150590887,-0.5000000000,0.0000000000,0.0000000000,0.0000000000
25.75000000,-18.033848,25.568832,-4.668217,-142.271737,-1.6603141958,-1.1150590887,-0.5000000000,0.0000000000,0.0000000000,0.0000000000
25.80000000,-18.116864,25.513079,-4.693217,-142.271737,-1.6603141958,-1.1150590887,-0.5000000000,0.0000000000,0.0000000000,0.0000000000
25.85000000,-18.199880,25.457326,-4.718217,-142.271737,-1.6603141958,-1.1150590887,-0.5000000000,0.0000000000,0.0000000000,0.0000000000
25.90000000,-18.282895,25.401573,-4.743217,-142.271737,-1.6603141958,-1.1150590887,-0.5000000000,0.0000000000,0.0000000000,0.0000000000
25.95000000,-18.365911,25.345820,-4.768217,-142.271737,-1.6603141958,-1.1150590887,-0.5000000000,0.0000000000,0.0000000000,0.0000000000
26.00000000,-18.448927,25.290068,-4.793217,-142.271737,-1.6603141958,-1.1150590887,-0.5000000000,0.0000000000,0.0000000000,0.0000000000
26.05000000,-18.531942,25.234315,-4.818217,-142.271737,-1.6603141958,-1.1150590887,-0.5000000000,0.0000000000,0.0000000000,0.0000000000
26.10000000,-18.614958,25.178562,-4.843217,-142.271737,-1.6603141958,-1.1150590887,-0.5000000000,0.0000000000,0.0000000000,0.0000000000
26.15000000,-18.697974,25.122809,-4.868217,-142.271737,-1.6603141958,-1.1150590887,-0.5000000000,0.0000000000,0.0000000000,0.0000000000
26.20000000,-18.780990,25.067056,-4.893217,-142.271737,-1.6603141958,-1.1150590887,-0.5000000000,0.0000000000,0.0000000000,0.0000000000
26.25000000,-18.864005,25.011303,-4.918217,-142.271737,-1.6603141958,-1.1150590887,-0.5000000000,0.0000000000,0.0000000000,0.0000000000
26.30000000,-18.947021,24.955550,-4.943217,-142.271737,-1.6603141958,-1.1150590887,-0.5000000000,0.0000000000,0.0000000000,0.0000000000
26.35000000,-19.030037,24.899797,-4.968217,-142.271737,-1.6603141958,-1.1150590887,-0.5000000000,0.0000000000,0.0000000000,0.0000000000
26.40000000,-19.113052,24.844044,-4.993217,-142.271737,-1.6603141958,-1.1150590887,-0.5000000000,0.0000000000,0.0000000000,0.0000000000
26.45000000,-19.196068,24.788291,-5.018217,-142.271737,-1.6603141958,-1.1150590887,-0.5000000000,0.0000000000,0.0000000000,0.0000000000
26.50000000,-19.279084,24.732538,-5.043217,-142.271737,-1.6603141958,-1.1150590887,-0.5000000000,0.0000000000,0.0000000000,0.0000000000
26.55000000,-19.362099,24.676786,-5.068217,-142.271737,-1.6603141958,-1.1150590887,-0.5000000000,0.0000000000,0.0000000000,0.0000000000
26.60000000,-19.445115,24.621033,-5.093217,-142.271737,-1.6603141958,-1.1150590887,-0.5000000000,0.0000000000,0.0000000000,0.0000000000
26.65000000,-19.528131,24.565280,-5.118217,-142.271737,-1.6603141958,-1.1150590887,-0.5000000000,0.0000000000,0.0000000000,0.0000000000
26.70000000,-19.611147,24.509527,-5.143217,-142.271737,-1.6603141958,-1.1150590887,-0.5000000000,0.0000000000,0.0000000000,0.0000000000
26.75000000,-19.694162,24.453774,-5.168217,-142.271737,-1.6603141958,-1.1150590887,-0.5000000000,0.0000000000,0.0000000000,0.0000000000
26.80000000,-19.777178,24.398021,-5.193217,-142.271737,-1.6603141958,-1.1150590887,-0.5000000000,0.0000000000,0.0000000000,0.0000000000
26.85000000,-19.860194,24.342268,-5.218217,-142.271737,-1.6603141958,-1.1150590887,-0.5000000000,0.0000000000,0.0000000000,0.0000000000
26.90000000,-19.943209,24.286515,-5.243217,-142.271737,-1.6603141958,-1.1150590887,-0.5000000000,0.0000000000,0.0000000000,0.0000000000
26.95000000,-20.026225,24.230762,-5.268217,-142.271737,-1.6603141958,-1.1150590887,-0.5000000000,0.0000000000,0.0000000000,0.0000000000
27.00000000,-20.109241,24.175009,-5.293217,-142.271737,-1.6603141958,-1.1150590887,-0.5000000000,0.0000000000,0.0000000000,0.0000000000
27.05000000,-20.192257,24.119256,-5.318217,-142.271737,-1.6603141958,-1.1150590887,-0.5000000000,0.0000000000,0.0000000000,0.0000000000
27.10000000,-20.275272,24.063504,-5.343217,-142.271737,-1.6603141958,-1.1150590887,-0.5000000000,0.0000000000,0.0000000000,0.0000000000
27.15000000,-20.358288,24.007751,-5.368217,-142.271737,-1.6603141958,-1.1150590887,-0.5000000000,0.0000000000,0.0000000000,0.0000000000
27.20000000,-20.441304,23.951998,-5.393217,-142.271737,-1.6603141958,-1.1150590887,-0.5000000000,0.0000000000,0.0000000000,0.0000000000
27.25000000,-20.524319,23.896245,-5.418217,-142.271737,-1.6603141958,-1.1150590887,-0.5000000000,0.0000000000,0.0000000000,0.0000000000
27.30000000,-20.607335,23.840492,-5.443217,-142.271737,-1.6603141958,-1.1150590887,-0.5000000000,0.0000000000,0.0000000000,0.0000000000
27.35000000,-20.690351,23.784739,-5.468217,-142.271737,-1.6603141958,-1.1150590887,-0.5000000000,0.0000000000,0.0000000000,0.0000000000
27.40000000,-20.773367,23.728986,-5.493217,-142.271737,-1.6603141958,-1.1150590887,-0.5000000000,0.0000000000,0.0000000000,0.0000000000
27.45000000,-20.856382,23.673233,-5.518217,-142.271737,-1.6603141958,-1.1150590887,-0.5000000000,0.0000000000,0.0000000000,0.0000000000
27.50000000,-20.939398,23.617480,-5.543217,-142.271737,-1.6603141958,-1.1150590887,-0.5000000000,0.0000000000,0.0000000000,0.0000000000
27.55000000,-21.022414,23.561727,-5.568217,-142.271737,-1.6603141958,-1.1150590887,-0.5000000000,0.0000000000,0.0000000000,0.0000000000
27.60000000,-21.105429,23.505974,-5.593217,-142.271737,-1.6603141958,-1.1150590887,-0.5000000000,0.0000000000,0.0000000000,0.0000000000
27.65000000,-21.188445,23.450222,-5.618217,-142.271737,-1.6603141958,-1.1150590887,-0.5000000000,0.0000000000,0.0000000000,0.0000000000
27.70000000,-21.271461,23.394469,-5.643217,-142.271737,-1.6603141958,-1.1150590887,-0.5000000000,0.0000000000,0.0000000000,0.0000000000
27.75000000,-21.354477,23.338716,-5.668217,-142.271737,-1.6603141958,-1.1150590887,-0.5000000000,0.0000000000,0.0000000000,0.0000000000
27.80000000,-21.437492,23.282963,-5.693217,-142.271737,-1.6603141958,-1.1150590887,-0.5000000000,0.0000000000,0.0000000000,0.0000000000
27.85000000,-21.520508,23.227210,-5.718217,-142.271737,-1.6603141958,-1.1150590887,-0.5000000000,0.0000000000,0.0000000000,0.0000000000
27.90000000,-21.603524,23.171457,-5.743217,-142.271737,-1.6603141958,-1.1150590887,-0.5000000000,0.0000000000,0.0000000000,0.0000000000
27.95000000,-21.686539,23.115704,-5.768217,-142.271737,-1.6603141958,-1.1150590887,-0.5000000000,0.0000000000,0.0000000000,0.0000000000
28.00000000,-21.769555,23.059951,-5.793217,-142.271737,-1.6603141958,-1.1150590887,-0.5000000000,0.0000000000,0.0000000000,0.0000000000
28.05000000,-21.852571,23.004198,-5.818217,-142.271737,-1.6603141958,-1.1150590887,-0.5000000000,0.0000000000,0.0000000000,0.0000000000
28.10000000,-21.935586,22.948445,-5.843217,-142.271737,-1.6603141958,-1.1150590887,-0.5000000000,0.0000000000,0.0000000000,0.0000000000
28.15000000,-22.018602,22.892693,-5.868217,-142.271737,-1.6603141958,-1.1150590887,-0.5000000000,0.0000000000,0.0000000000,0.0000000000
28.20000000,-22.101618,22.836940,-5.893217,-142.271737,-1.6603141958,-1.1150590887,-0.5000000000,0.0000000000,0.0000000000,0.0000000000
28.25000000,-22.184634,22.781187,-5.918217,-142.271737,-1.6603141958,-1.1150590887,-0.5000000000,0.0000000000,0.0000000000,0.0000000000
28.30000000,-22.267649,22.725434,-5.943217,-142.271737,-1.6603141958,-1.1150590887,-0.5000000000,0.0000000000,0.0000000000,0.0000000000
28.35000000,-22.350665,22.669681,-5.968217,-142.271737,-1.6603141958,-1.1150590887,-0.5000000000,0.0000000000,0.0000000000,0.0000000000
28.40000000,-22.433681,22.613928,-5.993217,-142.271737,-1.6603141958,-1.1150590887,-0.5000000000,0.0000000000,0.0000000000,0.0000000000
28.45000000,-22.516696,22.558175,-6.018217,-142.271737,-1.6603141958,-1.1150590887,-0.5000000000,0.0000000000,0.0000000000,0.0000000000
28.50000000,-22.599712,22.502422,-6.043217,-142.271737,-1.6603141958,-1.1150590887,-0.5000000000,0.0000000000,0.0000000000,0.0000000000
28.55000000,-22.682728,22.446669,-6.068217,-142.271737,-1.6603141958,-1.1150590887,-0.5000000000,0.0000000000,0.0000000000,0.0000000000
28.60000000,-22.765744,22.390916,-6.093217,-142.271737,-1.6603141958,-1.1150590887,-0.5000000000,0.0000000000,0.0000000000,0.0000000000
28.65000000,-22.848759,22.335163,-6.118217,-142.271737,-1.6603141958,-1.1150590887,-0.5000000000,0.0000000000,0.0000000000,0.0000000000
28.70000000,-22.931775,22.279411,-6.143217,-142.271737,-1.6603141958,-1.1150590887,-0.5000000000,0.0000000000,0.0000000000,0.0000000000
28.75000000,-23.014791,22.223658,-6.168217,-142.271737,-1.6603141958,-1.1150590887,-0.5000000000,0.0000000000,0.0000000000,0.0000000000
28.80000000,-23.097806,22.167905,-6.193217,-142.271737,-1.6603141958,-1.1150590887,-0.5000000000,0.0000000000,0.0000000000,0.0000000000
28.85000000,-23.180822,22.112152,-6.218217,-142.271737,-1.6603141958,-1.1150590887,-0.5000000000,0.0000000000,0.0000000000,0.0000000000
28.90000000,-23.263838,22.056399,-6.243217,-142.271737,-1.6603141958,-1.1150590887,-0.5000000000,0.0000000000,0.0000000000,0.0000000000
28.95000000,-23.346854,22.000646,-6.268217,-142.271737,-1.6603141958,-1.1150590887,-0.5000000000,0.0000000000,0.0000000000,0.0000000000
29.00000000,-23.429869,21.944893,-6.293217,-142.271737,-1.6603141958,-1.1150590887,-0.5000000000,0.0000000000,0.0000000000,0.0000000000
29.05000000,-23.512885,21.889140,-6.318217,-142.271737,-1.6603141958,-1.1150590887,-0.5000000000,0.0000000000,0.0000000000,0.0000000000
29.10000000,-23.595901,21.833387,-6.343217,-142.271737,-1.6603141958,-1.1150590887,-0.5000000000,0.0000000000,0.0000000000,0.0000000000
29.15000000,-23.678916,21.777634,-6.368217,-142.271737,-1.6603141958,-1.1150590887,-0.5000000000,0.0000000000,0.0000000000,0.0000000000
29.20000000,-23.761932,21.721881,-6.393217,-142.271737,-1.6603141958,-1.1150590887,-0.5000000000,0.0000000000,0.0000000000,0.0000000000
29.25000000,-23.844948,21.666129,-6.418217,-142.271737,-1.6603141958,-1.1150590887,-0.5000000000,0.0000000000,0.0000000000,0.0000000000
29.30000000,-23.927964,21.610376,-6.443217,-142.271737,-1.6603141958,-1.1150590887,-0.5000000000,0.0000000000,0.0000000000,0.0000000000
29.35000000,-24.010979,21.554623,-6.468217,-142.271737,-1.6603141958,-1.1150590887,-0.5000000000,0.0000000000,0.0000000000,0.0000000000
29.40000000,-24.093995,21.498870,-6.493217,-142.271737,-1.6603141958,-1.1150590887,-0.5000000000,0.0000000000,0.0000000000,0.0000000000
29.45000000,-24.177011,21.443117,-6.518217,-142.271737,-1.6603141958,-1.1150590887,-0.5000000000,0.0000000000,0.0000000000,0.0000000000
29.50000000,-24.260026,21.387364,-6.543217,-142.271737,-1.6603141958,-1.1150590887,-0.5000000000,0.0000000000,0.0000000000,0.0000000000
29.55000000,-24.343042,21.331611,-6.568217,-142.271737,-1.6603141958,-1.1150590887,-0.5000000000,0.0000000000,0.0000000000,0.0000000000
29.60000000,-24.426058,21.275858,-6.593217,-142.271737,-1.6603141958,-1.1150590887,-0.5000000000,0.0000000000,0.0000000000,0.0000000000
29.65000000,-24.509073,21.220105,-6.618217,-142.271737,-1.6603141958,-1.1150590887,-0.5000000000,0.0000000000,0.0000000000,0.0000000000
29.70000000,-24.592089,21.164352,-6.643217,-142.271737,-1.6603141958,-1.1150590887,-0.5000000000,0.0000000000,0.0000000000,0.0000000000
29.75000000,-24.675105,21.108599,-6.668217,-142.271737,-1.6603141958,-1.1150590887,-0.5000000000,0.0000000000,0.0000000000,0.0000000000
29.80000000,-24.758121,21.052847,-6.693217,-142.271737,-1.6603141958,-1.1150590887,-0.5000000000,0.0000000000,0.0000000000,0.0000000000
29.85000000,-24.841136,20.997094,-6.718217,-142.271737,-1.6603141958,-1.1150590887,-0.5000000000,0.0000000000,0.0000000000,0.0000000000
29.90000000,-24.924152,20.941341,-6.743217,-142.271737,-1.6603141958,-1.1150590887,-0.5000000000,0.0000000000,0.0000000000,0.0000000000
29.95000000,-25.007168,20.885588,-6.768217,-142.271737,-1.6603141958,-1.1150590887,-0.5000000000,0.0000000000,0.0000000000,0.0000000000
30.00000000,-25.090183,20.829835,-6.793217,-142.271737,-1.6603141958,-1.1150590887,-0.5000000000,0.0000000000,0.0000000000,0.0000000000
30.05000000,-25.173199,20.774082,-6.818217,-142.271737,-1.6603141958,-1.1150590887,-0.5000000000,0.0000000000,0.0000000000,0.0000000000
30.10000000,-25.256215,20.718329,-6.843217,-142.271737,-1.6603141958,-1.1150590887,-0.5000000000,0.0000000000,0.0000000000,0.0000000000
30.15000000,-25.339231,20.662576,-6.868217,-142.271737,-1.6603141958,-1.1150590887,-0.5000000000,0.0000000000,0.0000000000,0.0000000000
30.20000000,-25.422246,20.606823,-6.893217,-142.271737,-1.6603141958,-1.1150590887,-0.5000000000,0.0000000000,0.0000000000,0.0000000000
30.25000000,-25.505262,20.551070,-6.918217,-142.271737,-1.6603141958,-1.1150590887,-0.5000000000,0.0000000000,0.0000000000,0.0000000000
30.30000000,-25.588278,20.495317,-6.943217,-142.271737,-1.6603141958,-1.1150590887,-0.5000000000,0.0000000000,0.0000000000,0.0000000000
30.35000000,-25.671293,20.439565,-6.968217,-142.271737,-1.6603141958,-1.1150590887,-0.5000000000,0.0000000000,0.0000000000,0.0000000000
30.40000000,-25.754309,20.383812,-6.993217,-142.271737,-1.6603141958,-1.1150590887,-0.5000000000,0.0000000000,0.0000000000,0.0000000000
30.45000000,-25.837325,20.328059,-7.018217,-142.271737,-1.6603141958,-1.1150590887,-0.5000000000,0.0000000000,0.0000000000,0.0000000000
30.50000000,-25.920341,20.272306,-7.043217,-142.271737,-1.6603141958,-1.1150590887,-0.5000000000,0.0000000000,0.0000000000,0.0000000000
30.55000000,-26.003356,20.216553,-7.068217,-142.271737,-1.6603141958,-1.1150590887,-0.5000000000,0.0000000000,0.0000000000,0.0000000000
30.60000000,-26.086372,20.160800,-7.093217,-142.271737,-1.6603141958,-1.1150590887,-0.5000000000,0.0000000000,0.0000000000,0.0000000000
30.65000000,-26.169388,20.105047,-7.118217,-142.271737,-1.6603141958,-1.1150590887,-0.5000000000,0.0000000000,0.0000000000,0.0000000000
30.70000000,-26.252403,20.049294,-7.143217,-142.271737,-1.6603141958,-1.1150590887,-0.5000000000,0.0000000000,0.0000000000,0.0000000000
30.75000000,-26.335419,19.993541,-7.168217,-142.271737,-1.6603141958,-1.1150590887,-0.5000000000,0.0000000000,0.0000000000,0.0000000000
30.80000000,-26.418435,19.937788,-7.193217,-142.271737,-1.6603141958,-1.1150590887,-0.5000000000,0.0000000000,0.0000000000,0.0000000000
30.85000000,-26.501451,19.882035,-7.218217,-142.271737,-1.6603141958,-1.1150590887,-0.5000000000,0.0000000000,0.0000000000,0.0000000000
30.90000000,-26.584466,19.826283,-7.243217,-142.271737,-1.6603141958,-1.1150590887,-0.5000000000,0.0000000000,0.0000000000,0.0000000000
30.95000000,-26.667482,19.770530,-7.268217,-142.271737,-1.6603141958,-1.1150590887,-0.5000000000,0.0000000000,0.0000000000,0.0000000000
31.00000000,-26.750498,19.714777,-7.293217,-143.271737,-1.6603141958,-1.1150590887,-0.5000000000,0.0000000000,0.0000000000,0.0000000000
31.05000000,-26.746707,19.717323,-7.292075,-144.271737,-1.6521529504,-1.1095780353,-0.4975422587,0.4150785489,0.2787647722,0.1250000000
31.10000000,-26.607529,19.810794,-7.250162,-145.271737,-1.6313990229,-1.0956397967,-0.4912922587,0.4150785489,0.2787647722,0.1250000000
31.15000000,-26.466276,19.905659,-7.207624,-146.271737,-1.6106450955,-1.0817015581,-0.4850422587,0.4150785489,0.2787647722,0.1250000000
31.20000000,-26.322947,20.001917,-7.164461,-147.271737,-1.5898911680,-1.0677633194,-0.4787922587,0.4150785489,0.2787647722,0.1250000000
31.25000000,-26.177543,20.099570,-7.120673,-148.271737,-1.5691372406,-1.0538250808,-0.4725422587,0.4150785489,0.2787647722,0.1250000000
31.30000000,-26.030064,20.198616,-7.076259,-149.271737,-1.5483833131,-1.0398868422,-0.4662922587,0.4150785489,0.2787647722,0.1250000000
31.35000000,-25.880509,20.299056,-7.031221,-150.271737,-1.5276293857,-1.0259486036,-0.4600422587,0.4150785489,0.2787647722,0.1250000000
31.40000000,-25.728879,20.400890,-6.985558,-151.271737,-1.5068754582,-1.0120103650,-0.4537922587,0.4150785489,0.2787647722,0.1250000000
31.45000000,-25.575173,20.504118,-6.939270,-152.271737,-1.4861215308,-0.9980721264,-0.4475422587,0.4150785489,0.2787647722,0.1250000000
31.50000000,-25.419392,20.608740,-6.892357,-153.271737,-1.4653676033,-0.9841338878,-0.4412922587,0.4150785489,0.2787647722,0.1250000000
31.55000000,-25.261536,20.714755,-6.844819,-154.271737,-1.4446136759,-0.9701956492,-0.4350422587,0.4150785489,0.2787647722,0.1250000000
31.60000000,-25.101604,20.822165,-6.796656,-155.271737,-1.4238597484,-0.9562574106,-0.4287922587,0.4150785489,0.2787647722,0.1250000000
31.65000000,-24.939597,20.930968,-6.747868,-156.271737,-1.4031058210,-0.9423191720,-0.4225422587,0.4150785489,0.2787647722,0.1250000000
31.70000000,-24.775515,21.041165,-6.698455,-157.271737,-1.3823518935,-0.9283809334,-0.4162922587,0.4150785489,0.2787647722,0.1250000000
31.75000000,-24.609357,21.152756,-6.648417,-158.271737,-1.3615979661,-0.9144426947,-0.4100422587,0.4150785489,0.2787647722,0.1250000000
31.80000000,-24.441123,21.265740,-6.597754,-159.271737,-1.3408440387,-0.9005044561,-0.4037922587,0.4150785489,0.2787647722,0.1250000000
31.85000000,-24.270815,21.380119,-6.546465,-160.271737,-1.3200901112,-0.8865662175,-0.3975422587,0.4150785489,0.2787647722,0.1250000000
31.90000000,-24.098431,21.495891,-6.494552,-161.271737,-1.2993361838,-0.8726279789,-0.3912922587,0.4150785489,0.2787647722,0.1250000000
31.95000000,-23.923971,21.613057,-6.442014,-162.271737,-1.2785822563,-0.8586897403,-0.3850422587,0.4150785489,0.2787647722,0.1250000000
32.00000000,-23.747436,21.731617,-6.388851,-163.271737,-1.2578283289,-0.8447515017,-0.3787922587,0.4150785489,0.2787647722,0.1250000000
32.05000000,-23.568826,21.851570,-6.335063,-164.271737,-1.2370744014,-0.8308132631,-0.3725422587,0.4150785489,0.2787647722,0.1250000000
32.10000000,-23.388140,21.972918,-6.280650,-165.271737,-1.2163204740,-0.8168750245,-0.3662922587,0.4150785489,0.2787647722,0.1250000000
32.15000000,-23.205379,22.095659,-6.225612,-166.271737,-1.1955665465,-0.8029367859,-0.3600422587,0.4150785489,0.2787647722,0.1250000000
32.20000000,-23.020543,22.219794,-6.169949,-167.271737,-1.1748126191,-0.7889985473,-0.3537922587,0.4150785489,0.2787647722,0.1250000000
32.25000000,-22.833631,22.345323,-6.113661,-168.271737,-1.1540586916,-0.7750603087,-0.3475422587,0.4150785489,0.2787647722,0.1250000000
32.30000000,-22.644644,22.472246,-6.056748,-169.271737,-1.1333047642,-0.7611220700,-0.3412922587,0.4150785489,0.2787647722,0.1250000000
32.35000000,-22.453581,22.600563,-5.999209,-170.271737,-1.1125508367,-0.7471838314,-0.3350422587,0.4150785489,0.2787647722,0.1250000000
32.40000000,-22.260443,22.730273,-5.941046,-171.271737,-1.0917969093,-0.7332455928,-0.3287922587,0.4150785489,0.2787647722,0.1250000000
32.45000000,-22.065230,22.861378,-5.882258,-172.271737,-1.0710429818,-0.7193073542,-0.3225422587,0.4150785489,0.2787647722,0.1250000000
32.50000000,-21.867941,22.993876,-5.822845,-173.271737,-1.0502890544,-0.7053691156,-0.3162922587,0.4150785489,0.2787647722,0.1250000000
32.55000000,-21.668577,23.127768,-5.762807,-174.271737,-1.0295351270,-0.6914308770,-0.3100422587,0.4150785489,0.2787647722,0.1250000000
32.60000000,-21.467137,23.263053,-5.702144,-175.271737,-1.0087811995,-0.6774926384,-0.3037922587,0.4150785489,0.2787647722,0.1250000000
32.65000000,-21.263622,23.399733,-5.640856,-176.271737,-0.9880272721,-0.6635543998,-0.2975422587,0.4150785489,0.2787647722,0.1250000000
32.70000000,-21.058032,23.537806,-5.578943,-177.271737,-0.9672733446,-0.6496161612,-0.2912922587,0.4150785489,0.2787647722,0.1250000000
32.75000000,-20.850366,23.677274,-5.516405,-178.271737,-0.9465194172,-0.6356779226,-0.2850422587,0.4150785489,0.2787647722,0.1250000000
32.80000000,-20.640625,23.818135,-5.453242,-179.271737,-0.9257654897,-0.6217396840,-0.2787922587,0.4150785489,0.2787647722,0.1250000000
32.85000000,-20.428808,23.960390,-5.389454,-180.271737,-0.9050115623,-0.6078014453,-0.2725422587,0.4150785489,0.2787647722,0.1250000000
32.90000000,-20.214916,24.104038,-5.325040,-181.271737,-0.8842576348,-0.5938632067,-0.2662922587,0.4150785489,0.2787647722,0.1250000000
32.95000000,-19.998949,24.249081,-5.260002,-182.271737,-0.8635037074,-0.5799249681,-0.2600422587,0.4150785489,0.2787647722,0.1250000000
33.00000000,-19.780906,24.395517,-5.194339,-183.271737,-0.8427497799,-0.5659867295,-0.2537922587,0.4150785489,0.2787647722,0.1250000000
33.05000000,-19.560788,24.543347,-5.128051,-184.271737,-0.8219958525,-0.5520484909,-0.2475422587,0.4150785489,0.2787647722,0.1250000000
33.10000000,-19.338595,24.692571,-5.061138,-185.271737,-0.8012419250,-0.5381102523,-0.2412922587,0.4150785489,0.2787647722,0.1250000000
33.15000000,-19.114326,24.843189,-4.993600,-186.271737,-0.7804879976,-0.5241720137,-0.2350422587,0.4150785489,0.2787647722,0.1250000000
33.20000000,-18.887981,24.995201,-4.925437,-187.271737,-0.7597340701,-0.5102337751,-0.2287922587,0.4150785489,0.2787647722,0.1250000000
33.25000000,-18.659562,25.148606,-4.856649,-188.271737,-0.7389801427,-0.4962955365,-0.2225422587,0.4150785489,0.2787647722,0.1250000000
33.30000000,-18.429067,25.303405,-4.787236,-189.271737,-0.7182262152,-0.4823572979,-0.2162922587,0.4150785489,0.2787647722,0.1250000000
33.35000000,-18.196496,25.459599,-4.717198,-190.271737,-0.6974722878,-0.4684190593,-0.2100422587,0.4150785489,0.2787647722,0.1250000000
33.40000000,-17.961850,25.617185,-4.646535,-191.271737,-0.6767183604,-0.4544808206,-0.2037922587,0.4150785489,0.2787647722,0.1250000000
33.45000000,-17.725129,25.776166,-4.575246,-192.271737,-0.6559644329,-0.4405425820,-0.1975422587,0.4150785489,0.2787647722,0.1250000000
33.50000000,-17.486332,25.936541,-4.503333,-193.271737,-0.6352105055,-0.4266043434,-0.1912922587,0.4150785489,0.2787647722,0.1250000000
33.55000000,-17.245460,26.098309,-4.430795,-194.271737,-0.6144565780,-0.4126661048,-0.1850422587,0.4150785489,0.2787647722,0.1250000000
33.60000000,-17.002513,26.261471,-4.357632,-195.271737,-0.5937026506,-0.3987278662,-0.1787922587,0.4150785489,0.2787647722,0.1250000000
33.65000000,-16.757490,26.426027,-4.283844,-196.271737,-0.5729487231,-0.3847896276,-0.1725422587,0.4150785489,0.2787647722,0.1250000000
33.70000000,-16.510392,26.591977,-4.209431,-197.271737,-0.5521947957,-0.3708513890,-0.1662922587,0.4150785489,0.2787647722,0.1250000000
33.75000000,-16.261218,26.759321,-4.134393,-198.271737,-0.5314408682,-0.3569131504,-0.1600422587,0.4150785489,0.2787647722,0.1250000000
33.80000000,-16.009969,26.928058,-4.058730,-199.271737,-0.5106869408,-0.3429749118,-0.1537922587,0.4150785489,0.2787647722,0.1250000000
33.85000000,-15.756645,27.098190,-3.982442,-200.271737,-0.4899330133,-0.3290366732,-0.1475422587,0.4150785489,0.2787647722,0.1250000000
33.90000000,-15.501245,27.269715,-3.905529,-201.271737,-0.4691790859,-0.3150984346,-0.1412922587,0.4150785489,0.2787647722,0.1250000000
33.95000000,-15.243770,27.442634,-3.827990,-202.271737,-0.4484251584,-0.3011601959,-0.1350422587,0.4150785489,0.2787647722,0.1250000000
34.00000000,-14.984219,27.616947,-3.749827,-203.271737,-0.4276712310,-0.2872219573,-0.1287922587,0.4150785489,0.2787647722,0.1250000000
34.05000000,-14.722593,27.792653,-3.671039,-204.271737,-0.4069173035,-0.2732837187,-0.1225422587,0.4150785489,0.2787647722,0.1250000000
34.10000000,-14.458892,27.969754,-3.591626,-205.271737,-0.3861633761,-0.2593454801,-0.1162922587,0.4150785489,0.2787647722,0.1250000000
34.15000000,-14.193115,28.148248,-3.511588,-206.271737,-0.3654094486,-0.2454072415,-0.1100422587,0.4150785489,0.2787647722,0.1250000000
34.20000000,-13.925263,28.328136,-3.430925,-207.271737,-0.3446555212,-0.2314690029,-0.1037922587,0.4150785489,0.2787647722,0.1250000000
34.25000000,-13.655335,28.509418,-3.349637,-208.271737,-0.3239015938,-0.2175307643,-0.0975422587,0.4150785489,0.2787647722,0.1250000000
34.30000000,-13.383332,28.692094,-3.267724,-209.271737,-0.3031476663,-0.2035925257,-0.0912922587,0.4150785489,0.2787647722,0.1250000000
34.35000000,-13.109254,28.876163,-3.185186,-210.271737,-0.2823937389,-0.1896542871,-0.0850422587,0.4150785489,0.2787647722,0.1250000000
34.40000000,-12.833100,29.061627,-3.102023,-211.271737,-0.2616398114,-0.1757160485,-0.0787922587,0.4150785489,0.2787647722,0.1250000000
34.45000000,-12.554871,29.248484,-3.018235,-212.271737,-0.2408858840,-0.1617778099,-0.0725422587,0.4150785489,0.2787647722,0.1250000000
34.50000000,-12.274567,29.436735,-2.933821,-213.271737,-0.2201319565,-0.1478395712,-0.0662922587,0.4150785489,0.2787647722,0.1250000000
34.55000000,-11.992187,29.626380,-2.848783,-214.271737,-0.1993780291,-0.1339013326,-0.0600422587,0.4150785489,0.2787647722,0.1250000000
34.60000000,-11.707731,29.817418,-2.763120,-215.271737,-0.1786241016,-0.1199630940,-0.0537922587,0.4150785489,0.2787647722,0.1250000000
34.65000000,-11.421201,30.009851,-2.676832,-216.271737,-0.1578701742,-0.1060248554,-0.0475422587,0.4150785489,0.2787647722,0.1250000000
34.70000000,-11.132595,30.203677,-2.589919,-217.271737,-0.1371162467,-0.0920866168,-0.0412922587,0.4150785489,0.2787647722,0.1250000000
34.75000000,-10.841913,30.398897,-2.502381,-218.271737,-0.1163623193,-0.0781483782,-0.0350422587,0.4150785489,0.2787647722,0.1250000000
34.80000000,-10.549156,30.595511,-2.414218,-219.271737,-0.0956083918,-0.0642101396,-0.0287922587,0.4150785489,0.2787647722,0.1250000000
34.85000000,-10.254324,30.793519,-2.325430,-220.271737,-0.0748544644,-0.0502719010,-0.0225422587,0.4150785489,0.2787647722,0.1250000000
34.90000000,-9.957416,30.992921,-2.236017,-221.271737,-0.0541005369,-0.0363336624,-0.0162922587,0.4150785489,0.2787647722,0.1250000000
34.95000000,-9.658433,31.193716,-2.145979,-222.271737,-0.0333466095,-0.0223954238,-0.0100422587,0.4150785489,0.2787647722,0.1250000000
35.00000000,-9.357375,31.395905,-2.055316,-221.271737,-0.0125926820,-0.0084571852,-0.0037922587,0.4150785489,0.2787647722,0.1250000000
35.05000000,-26.800879,19.680755,-3.000048,-220.271737,-0.0005491188,-0.0098156172,-0.0024577413,-0.0279280202,-0.4992194164,-0.1250000000
35.10000000,-26.801004,19.678525,-3.000607,-219.271737,-0.0019455198,-0.0347765881,-0.0087077413,-0.0279280202,-0.4992194164,-0.1250000000
35.15000000,-26.801268,19.673800,-3.001790,-218.271737,-0.0033419208,-0.0597375589,-0.0149577413,-0.0279280202,-0.4992194164,-0.1250000000
35.20000000,-26.801672,19.666578,-3.003598,-217.271737,-0.0047383218,-0.0846985297,-0.0212077413,-0.0279280202,-0.4992194164,-0.1250000000
35.25000000,-26.802216,19.656860,-3.006031,-216.271737,-0.0061347228,-0.1096595005,-0.0274577413,-0.0279280202,-0.4992194164,-0.1250000000
35.30000000,-26.802899,19.644646,-3.009090,-215.271737,-0.0075311238,-0.1346204713,-0.0337077413,-0.0279280202,-0.4992194164,-0.1250000000
35.35000000,-26.803722,19.629936,-3.012773,-214.271737,-0.0089275249,-0.1595814422,-0.0399577413,-0.0279280202,-0.4992194164,-0.1250000000
35.40000000,-26.804685,19.612730,-3.017081,-213.271737,-0.0103239259,-0.1845424130,-0.0462077413,-0.0279280202,-0.4992194164,-0.1250000000
35.45000000,-26.805787,19.593028,-3.022015,-212.271737,-0.0117203269,-0.2095033838,-0.0524577413,-0.0279280202,-0.4992194164,-0.1250000000
35.50000000,-26.807029,19.570829,-3.027573,-211.271737,-0.0131167279,-0.2344643546,-0.0587077413,-0.0279280202,-0.4992194164,-0.1250000000
35.55000000,-26.808410,19.546135,-3.033756,-210.271737,-0.0145131289,-0.2594253254,-0.0649577413,-0.0279280202,-0.4992194164,-0.1250000000
35.60000000,-26.809931,19.518944,-3.040564,-209.271737,-0.0159095299,-0.2843862963,-0.0712077413,-0.0279280202,-0.4992194164,-0.1250000000
35.65000000,-26.811592,19.489258,-3.047998,-208.271737,-0.0173059309,-0.3093472671,-0.0774577413,-0.0279280202,-0.4992194164,-0.1250000000
35.70000000,-26.813393,19.457075,-3.056056,-207.271737,-0.0187023319,-0.3343082379,-0.0837077413,-0.0279280202,-0.4992194164,-0.1250000000
35.75000000,-26.815333,19.422396,-3.064739,-206.271737,-0.0200987329,-0.3592692087,-0.0899577413,-0.0279280202,-0.4992194164,-0.1250000000
35.80000000,-26.817412,19.385221,-3.074047,-205.271737,-0.0214951340,-0.3842301795,-0.0962077413,-0.0279280202,-0.4992194164,-0.1250000000
35.85000000,-26.819632,19.345550,-3.083981,-204.271737,-0.0228915350,-0.4091911503,-0.1024577413,-0.0279280202,-0.4992194164,-0.1250000000
35.90000000,-26.821991,19.303383,-3.094539,-203.271737,-0.0242879360,-0.4341521212,-0.1087077413,-0.0279280202,-0.4992194164,-0.1250000000
35.95000000,-26.824489,19.258720,-3.105722,-202.271737,-0.0256843370,-0.4591130920,-0.1149577413,-0.0279280202,-0.4992194164,-0.1250000000
36.00000000,-26.827128,19.211561,-3.117531,-201.271737,-0.0270807380,-0.4840740628,-0.1212077413,-0.0279280202,-0.4992194164,-0.1250000000
36.05000000,-26.829905,19.161906,-3.129964,-200.271737,-0.0284771390,-0.5090350336,-0.1274577413,-0.0279280202,-0.4992194164,-0.1250000000
36.10000000,-26.832823,19.109754,-3.143022,-199.271737,-0.0298735400,-0.5339960044,-0.1337077413,-0.0279280202,-0.4992194164,-0.1250000000
36.15000000,-26.835880,19.055107,-3.156705,-198.271737,-0.0312699410,-0.5589569753,-0.1399577413,-0.0279280202,-0.4992194164,-0.1250000000
36.20000000,-26.839077,18.997963,-3.171014,-197.271737,-0.0326663421,-0.5839179461,-0.1462077413,-0.0279280202,-0.4992194164,-0.1250000000
36.25000000,-26.842413,18.938323,-3.185947,-196.271737,-0.0340627431,-0.6088789169,-0.1524577413,-0.0279280202,-0.4992194164,-0.1250000000
36.30000000,-26.845890,18.876188,-3.201505,-195.271737,-0.0354591441,-0.6338398877,-0.1587077413,-0.0279280202,-0.4992194164,-0.1250000000
36.35000000,-26.849505,18.811556,-3.217688,-194.271737,-0.0368555451,-0.6588008585,-0.1649577413,-0.0279280202,-0.4992194164,-0.1250000000
36.40000000,-26.853261,18.744428,-3.234497,-193.271737,-0.0382519461,-0.6837618294,-0.1712077413,-0.0279280202,-0.4992194164,-0.1250000000
36.45000000,-26.857156,18.674804,-3.251930,-192.271737,-0.0396483471,-0.7087228002,-0.1774577413,-0.0279280202,-0.4992194164,-0.1250000000
36.50000000,-26.861190,18.602683,-3.269988,-191.271737,-0.0410447481,-0.7336837710,-0.1837077413,-0.0279280202,-0.4992194164,-0.1250000000
36.55000000,-26.865365,18.528067,-3.288672,-190.271737,-0.0424411491,-0.7586447418,-0.1899577413,-0.0279280202,-0.4992194164,-0.1250000000
36.60000000,-26.869679,18.450955,-3.307980,-189.271737,-0.0438375501,-0.7836057126,-0.1962077413,-0.0279280202,-0.4992194164,-0.1250000000
36.65000000,-26.874132,18.371346,-3.327913,-188.271737,-0.0452339512,-0.8085666834,-0.2024577413,-0.0279280202,-0.4992194164,-0.1250000000
36.70000000,-26.878725,18.289242,-3.348471,-187.271737,-0.0466303522,-0.8335276543,-0.2087077413,-0.0279280202,-0.4992194164,-0.1250000000
36.75000000,-26.883458,18.204641,-3.369655,-186.271737,-0.0480267532,-0.8584886251,-0.2149577413,-0.0279280202,-0.4992194164,-0.1250000000
36.80000000,-26.888331,18.117545,-3.391463,-185.271737,-0.0494231542,-0.8834495959,-0.2212077413,-0.0279280202,-0.4992194164,-0.1250000000
36.85000000,-26.893343,18.027952,-3.413896,-184.271737,-0.0508195552,-0.9084105667,-0.2274577413,-0.0279280202,-0.4992194164,-0.1250000000
36.90000000,-26.898495,17.935863,-3.436954,-183.271737,-0.0522159562,-0.9333715375,-0.2337077413,-0.0279280202,-0.4992194164,-0.1250000000
36.95000000,-26.903786,17.841278,-3.460638,-182.271737,-0.0536123572,-0.9583325084,-0.2399577413,-0.0279280202,-0.4992194164,-0.1250000000
37.00000000,-26.909217,17.744197,-3.484946,-181.271737,-0.0550087582,-0.9832934792,-0.2462077413,-0.0279280202,-0.4992194164,-0.1250000000
37.05000000,-26.914788,17.644620,-3.509879,-180.271737,-0.0564051593,-1.0082544500,-0.2524577413,-0.0279280202,-0.4992194164,-0.1250000000
37.10000000,-26.920498,17.542547,-3.535438,-179.271737,-0.0578015603,-1.0332154208,-0.2587077413,-0.0279280202,-0.4992194164,-0.1250000000
37.15000000,-26.926348,17.437977,-3.561621,-178.271737,-0.0591979613,-1.0581763916,-0.2649577413,-0.0279280202,-0.4992194164,-0.1250000000
37.20000000,-26.932338,17.330912,-3.588429,-177.271737,-0.0605943623,-1.0831373625,-0.2712077413,-0.0279280202,-0.4992194164,-0.1250000000
37.25000000,-26.938467,17.221350,-3.615862,-176.271737,-0.0619907633,-1.1080983333,-0.2774577413,-0.0279280202,-0.4992194164,-0.1250000000
37.30000000,-26.944736,17.109293,-3.643921,-175.271737,-0.0633871643,-1.1330593041,-0.2837077413,-0.0279280202,-0.4992194164,-0.1250000000
37.35000000,-26.951144,16.994739,-3.672604,-174.271737,-0.0647835653,-1.1580202749,-0.2899577413,-0.0279280202,-0.4992194164,-0.1250000000
37.40000000,-26.957693,16.877689,-3.701912,-173.271737,-0.0661799663,-1.1829812457,-0.2962077413,-0.0279280202,-0.4992194164,-0.1250000000
37.45000000,-26.964380,16.758143,-3.731845,-172.271737,-0.0675763673,-1.2079422165,-0.3024577413,-0.0279280202,-0.4992194164,-0.1250000000
37.50000000,-26.971208,16.636101,-3.762404,-171.271737,-0.0689727684,-1.2329031874,-0.3087077413,-0.0279280202,-0.4992194164,-0.1250000000
37.55000000,-26.978175,16.511563,-3.793587,-170.271737,-0.0703691694,-1.2578641582,-0.3149577413,-0.0279280202,-0.4992194164,-0.1250000000
37.60000000,-26.985282,16.384529,-3.825395,-169.271737,-0.0717655704,-1.2828251290,-0.3212077413,-0.0279280202,-0.4992194164,-0.1250000000
37.65000000,-26.992528,16.254999,-3.857829,-168.271737,-0.0731619714,-1.3077860998,-0.3274577413,-0.0279280202,-0.4992194164,-0.1250000000
37.70000000,-26.999914,16.122972,-3.890887,-167.271737,-0.0745583724,-1.3327470706,-0.3337077413,-0.0279280202,-0.4992194164,-0.1250000000
37.75000000,-27.007440,15.988450,-3.924570,-166.271737,-0.0759547734,-1.3577080415,-0.3399577413,-0.0279280202,-0.4992194164,-0.1250000000
37.80000000,-27.015105,15.851431,-3.958878,-165.271737,-0.0773511744,-1.3826690123,-0.3462077413,-0.0279280202,-0.4992194164,-0.1250000000
37.85000000,-27.022910,15.711917,-3.993812,-164.271737,-0.0787475754,-1.4076299831,-0.3524577413,-0.0279280202,-0.4992194164,-0.1250000000
37.90000000,-27.030855,15.569906,-4.029370,-163.271737,-0.0801439765,-1.4325909539,-0.3587077413,-0.0279280202,-0.4992194164,-0.1250000000
37.95000000,-27.038939,15.425399,-4.065553,-162.271737,-0.0815403775,-1.4575519247,-0.3649577413,-0.0279280202,-0.4992194164,-0.1250000000
38.00000000,-27.047163,15.278396,-4.102361,-161.271737,-0.0829367785,-1.4825128956,-0.3712077413,-0.0279280202,-0.4992194164,-0.1250000000
38.05000000,-27.055526,15.128898,-4.139795,-160.271737,-0.0843331795,-1.5074738664,-0.3774577413,-0.0279280202,-0.4992194164,-0.1250000000
38.10000000,-27.064029,14.976902,-4.177853,-159.271737,-0.0857295805,-1.5324348372,-0.3837077413,-0.0279280202,-0.4992194164,-0.1250000000
38.15000000,-27.072672,14.822411,-4.216536,-158.271737,-0.0871259815,-1.5573958080,-0.3899577413,-0.0279280202,-0.4992194164,-0.1250000000
38.20000000,-27.081454,14.665424,-4.255845,-157.271737,-0.0885223825,-1.5823567788,-0.3962077413,-0.0279280202,-0.4992194164,-0.1250000000
38.25000000,-27.090376,14.505941,-4.295778,-156.271737,-0.0899187835,-1.6073177496,-0.4024577413,-0.0279280202,-0.4992194164,-0.1250000000
38.30000000,-27.099438,14.343961,-4.336336,-155.271737,-0.0913151846,-1.6322787205,-0.4087077413,-0.0279280202,-0.4992194164,-0.1250000000
38.35000000,-27.108640,14.179486,-4.377519,-154.271737,-0.0927115856,-1.6572396913,-0.4149577413,-0.0279280202,-0.4992194164,-0.1250000000
38.40000000,-27.117980,14.012514,-4.419328,-153.271737,-0.0941079866,-1.6822006621,-0.4212077413,-0.0279280202,-0.4992194164,-0.1250000000
38.45000000,-27.127461,13.843046,-4.461761,-152.271737,-0.0955043876,-1.7071616329,-0.4274577413,-0.0279280202,-0.4992194164,-0.1250000000
38.50000000,-27.137081,13.671083,-4.504819,-151.271737,-0.0969007886,-1.7321226037,-0.4337077413,-0.0279280202,-0.4992194164,-0.1250000000
38.55000000,-27.146841,13.496623,-4.548503,-150.271737,-0.0982971896,-1.7570835746,-0.4399577413,-0.0279280202,-0.4992194164,-0.1250000000
38.60000000,-27.156741,13.319667,-4.592811,-149.271737,-0.0996935906,-1.7820445454,-0.4462077413,-0.0279280202,-0.4992194164,-0.1250000000
38.65000000,-27.166780,13.140215,-4.637744,-148.271737,-0.1010899916,-1.8070055162,-0.4524577413,-0.0279280202,-0.4992194164,-0.1250000000
38.70000000,-27.176959,12.958267,-4.683302,-147.271737,-0.1024863926,-1.8319664870,-0.4587077413,-0.0279280202,-0.4992194164,-0.1250000000
38.75000000,-27.187277,12.773822,-4.729486,-146.271737,-0.1038827937,-1.8569274578,-0.4649577413,-0.0279280202,-0.4992194164,-0.1250000000
38.80000000,-27.197735,12.586882,-4.776294,-145.271737,-0.1052791947,-1.8818884287,-0.4712077413,-0.0279280202,-0.4992194164,-0.1250000000
38.85000000,-27.208333,12.397445,-4.823727,-144.271737,-0.1066755957,-1.9068493995,-0.4774577413,-0.0279280202,-0.4992194164,-0.1250000000
38.90000000,-27.219070,12.205513,-4.871785,-143.271737,-0.1080719967,-1.9318103703,-0.4837077413,-0.0279280202,-0.4992194164,-0.1250000000
38.95000000,-27.229948,12.011084,-4.920469,-142.271737,-0.1094683977,-1.9567713411,-0.4899577413,-0.0279280202,-0.4992194164,-0.1250000000
39.00000000,-27.240964,11.814160,-4.969777,-141.271737,-0.1108647987,-1.9817323119,-0.4962077413,-0.0279280202,-0.4992194164,-0.1250000000
39.05000000,-27.249913,11.654194,-5.009831,-140.271737,-0.1117120809,-1.9968776655,-0.5000000000,0.0000000000,0.0000000000,0.0000000000
39.10000000,-27.255499,11.554351,-5.034831,-139.271737,-0.1117120809,-1.9968776655,-0.5000000000,0.0000000000,0.0000000000,0.0000000000
39.15000000,-27.261084,11.454507,-5.059831,-138.271737,-0.1117120809,-1.9968776655,-0.5000000000,0.0000000000,0.0000000000,0.0000000000
39.20000000,-27.266670,11.354663,-5.084831,-137.271737,-0.1117120809,-1.9968776655,-0.5000000000,0.0000000000,0.0000000000,0.0000000000
39.25000000,-27.272256,11.254820,-5.109831,-136.271737,-0.1117120809,-1.9968776655,-0.5000000000,0.0000000000,0.0000000000,0.0000000000
39.30000000,-27.277841,11.154976,-5.134831,-135.271737,-0.1117120809,-1.9968776655,-0.5000000000,0.0000000000,0.0000000000,0.0000000000
39.35000000,-27.283427,11.055132,-5.159831,-134.271737,-0.1117120809,-1.9968776655,-0.5000000000,0.0000000000,0.0000000000,0.0000000000
39.40000000,-27.289012,10.955289,-5.184831,-133.271737,-0.1117120809,-1.9968776655,-0.5000000000,0.0000000000,0.0000000000,0.0000000000
39.45000000,-27.294598,10.855445,-5.209831,-132.271737,-0.1117120809,-1.9968776655,-0.5000000000,0.0000000000,0.0000000000,0.0000000000
39.50000000,-27.300184,10.755601,-5.234831,-131.271737,-0.1117120809,-1.9968776655,-0.5000000000,0.0000000000,0.0000000000,0.0000000000
39.55000000,-27.305769,10.655758,-5.259831,-130.271737,-0.1117120809,-1.9968776655,-0.5000000000,0.0000000000,0.0000000000,0.0000000000
39.60000000,-27.311355,10.555914,-5.284831,-129.271737,-0.1117120809,-1.9968776655,-0.5000000000,0.0000000000,0.0000000000,0.0000000000
39.65000000,-27.316940,10.456070,-5.309831,-128.271737,-0.1117120809,-1.9968776655,-0.5000000000,0.0000000000,0.0000000000,0.0000000000
39.70000000,-27.322526,10.356227,-5.334831,-127.271737,-0.1117120809,-1.9968776655,-0.5000000000,0.0000000000,0.0000000000,0.0000000000
39.75000000,-27.328112,10.256383,-5.359831,-126.271737,-0.1117120809,-1.9968776655,-0.5000000000,0.0000000000,0.0000000000,0.0000000000
39.80000000,-27.333697,10.156540,-5.384831,-125.271737,-0.1117120809,-1.9968776655,-0.5000000000,0.0000000000,0.0000000000,0.0000000000
39.85000000,-27.339283,10.056696,-5.409831,-124.271737,-0.1117120809,-1.9968776655,-0.5000000000,0.0000000000,0.0000000000,0.0000000000
39.90000000,-27.344868,9.956852,-5.434831,-123.271737,-0.1117120809,-1.9968776655,-0.5000000000,0.0000000000,0.0000000000,0.0000000000
39.95000000,-27.350454,9.857009,-5.459831,-122.271737,-0.1117120809,-1.9968776655,-0.5000000000,0.0000000000,0.0000000000,0.0000000000
40.00000000,-27.356040,9.757165,-5.484831,-121.271737,-0.1117120809,-1.9968776655,-0.5000000000,0.0000000000,0.0000000000,0.0000000000
40.05000000,-27.361625,9.657321,-5.509831,-120.271737,-0.1117120809,-1.9968776655,-0.5000000000,0.0000000000,0.0000000000,0.0000000000
40.10000000,-27.367211,9.557478,-5.534831,-119.271737,-0.1117120809,-1.9968776655,-0.5000000000,0.0000000000,0.0000000000,0.0000000000
40.15000000,-27.372796,9.457634,-5.559831,-118.271737,-0.1117120809,-1.9968776655,-0.5000000000,0.0000000000,0.0000000000,0.0000000000
40.20000000,-27.378382,9.357790,-5.584831,-117.271737,-0.1117120809,-1.9968776655,-0.5000000000,0.0000000000,0.0000000000,0.0000000000
40.25000000,-27.383968,9.257947,-5.609831,-116.271737,-0.1117120809,-1.9968776655,-0.5000000000,0.0000000000,0.0000000000,0.0000000000
40.30000000,-27.389553,9.158103,-5.634831,-115.271737,-0.1117120809,-1.9968776655,-0.5000000000,0.0000000000,0.0000000000,0.0000000000
40.35000000,-27.395139,9.058259,-5.659831,-114.271737,-0.1117120809,-1.9968776655,-0.5000000000,0.0000000000,0.0000000000,0.0000000000
40.40000000,-27.400724,8.958416,-5.684831,-113.271737,-0.1117120809,-1.9968776655,-0.5000000000,0.0000000000,0.0000000000,0.0000000000
40.45000000,-27.406310,8.858572,-5.709831,-112.271737,-0.1117120809,-1.9968776655,-0.5000000000,0.0000000000,0.0000000000,0.0000000000
40.50000000,-27.411896,8.758729,-5.734831,-111.271737,-0.1117120809,-1.9968776655,-0.5000000000,0.0000000000,0.0000000000,0.0000000000
40.55000000,-27.417481,8.658885,-5.759831,-110.271737,-0.1117120809,-1.9968776655,-0.5000000000,0.0000000000,0.0000000000,0.0000000000
40.60000000,-27.423067,8.559041,-5.784831,-109.271737,-0.1117120809,-1.9968776655,-0.5000000000,0.0000000000,0.0000000000,0.0000000000
40.65000000,-27.428653,8.459198,-5.809831,-108.271737,-0.1117120809,-1.9968776655,-0.5000000000,0.0000000000,0.0000000000,0.0000000000
40.70000000,-27.434238,8.359354,-5.834831,-107.271737,-0.1117120809,-1.9968776655,-0.5000000000,0.0000000000,0.0000000000,0.0000000000
40.75000000,-27.439824,8.259510,-5.859831,-106.271737,-0.1117120809,-1.9968776655,-0.5000000000,0.0000000000,0.0000000000,0.0000000000
40.80000000,-27.445409,8.159667,-5.884831,-105.271737,-0.1117120809,-1.9968776655,-0.5000000000,0.0000000000,0.0000000000,0.0000000000
40.85000000,-27.450995,8.059823,-5.909831,-104.271737,-0.1117120809,-1.9968776655,-0.5000000000,0.0000000000,0.0000000000,0.0000000000
40.90000000,-27.456581,7.959979,-5.934831,-103.271737,-0.1117120809,-1.9968776655,-0.5000000000,0.0000000000,0.0000000000,0.0000000000
40.95000000,-27.462166,7.860136,-5.959831,-102.271737,-0.1117120809,-1.9968776655,-0.5000000000,0.0000000000,0.0000000000,0.0000000000
41.00000000,-27.467752,7.760292,-5.984831,-101.271737,-0.1117120809,-1.9968776655,-0.5000000000,0.0000000000,0.0000000000,0.0000000000
41.05000000,-27.473337,7.660448,-6.009831,-100.271737,-0.1117120809,-1.9968776655,-0.5000000000,0.0000000000,0.0000000000,0.0000000000
41.10000000,-27.478923,7.560605,-6.034831,-99.271737,-0.1117120809,-1.9968776655,-0.5000000000,0.0000000000,0.0000000000,0.0000000000
41.15000000,-27.484509,7.460761,-6.059831,-98.271737,-0.1117120809,-1.9968776655,-0.5000000000,0.0000000000,0.0000000000,0.0000000000
41.20000000,-27.490094,7.360918,-6.084831,-97.271737,-0.1117120809,-1.9968776655,-0.5000000000,0.0000000000,0.0000000000,0.0000000000
41.25000000,-27.495680,7.261074,-6.109831,-96.271737,-0.1117120809,-1.9968776655,-0.5000000000,0.0000000000,0.0000000000,0.0000000000
41.30000000,-27.501265,7.161230,-6.134831,-95.271737,-0.1117120809,-1.9968776655,-0.5000000000,0.0000000000,0.0000000000,0.0000000000
41.35000000,-27.506851,7.061387,-6.159831,-94.271737,-0.1117120809,-1.9968776655,-0.5000000000,0.0000000000,0.0000000000,0.0000000000
41.40000000,-27.512437,6.961543,-6.184831,-93.271737,-0.1117120809,-1.9968776655,-0.5000000000,0.0000000000,0.0000000000,0.0000000000
41.45000000,-27.518022,6.861699,-6.209831,-92.780221,-0.1117120809,-1.9968776655,-0.5000000000,0.0000000000,0.0000000000,0.0000000000
41.50000000,-27.523608,6.761856,-6.234831,-92.780221,-0.1117120809,-1.9968776655,-0.5000000000,0.0000000000,0.0000000000,0.0000000000
41.55000000,-27.529193,6.662012,-6.259831,-92.780222,-0.1117120809,-1.9968776655,-0.5000000000,0.0000000000,0.0000000000,0.0000000000
41.60000000,-27.534779,6.562168,-6.284831,-92.780221,-0.1117120809,-1.9968776655,-0.5000000000,0.0000000000,0.0000000000,0.0000000000
41.65000000,-27.540365,6.462325,-6.309831,-92.780221,-0.1117120809,-1.9968776655,-0.5000000000,0.0000000000,0.0000000000,0.0000000000
41.70000000,-27.545950,6.362481,-6.334831,-92.780221,-0.1117120809,-1.9968776655,-0.5000000000,0.0000000000,0.0000000000,0.0000000000
41.75000000,-27.551536,6.262637,-6.359831,-92.780221,-0.1117120809,-1.9968776655,-0.5000000000,0.0000000000,0.0000000000,0.0000000000
41.80000000,-27.557121,6.162794,-6.384831,-92.780221,-0.1117120809,-1.9968776655,-0.5000000000,0.0000000000,0.0000000000,0.0000000000
41.85000000,-27.562707,6.062950,-6.409831,-92.780222,-0.1117120809,-1.9968776655,-0.5000000000,0.0000000000,0.0000000000,0.0000000000
41.90000000,-27.568293,5.963107,-6.434831,-92.780221,-0.1117120809,-1.9968776655,-0.5000000000,0.0000000000,0.0000000000,0.0000000000
41.95000000,-27.573878,5.863263,-6.459831,-92.780221,-0.1117120809,-1.9968776655,-0.5000000000,0.0000000000,0.0000000000,0.0000000000
42.00000000,-27.579464,5.763419,-6.484831,-92.780221,-0.1117120809,-1.9968776655,-0.5000000000,0.0000000000,0.0000000000,0.0000000000
42.05000000,-27.585049,5.663576,-6.509831,-92.780221,-0.1117120809,-1.9968776655,-0.5000000000,0.0000000000,0.0000000000,0.0000000000
42.10000000,-27.590635,5.563732,-6.534831,-92.780221,-0.1117120809,-1.9968776655,-0.5000000000,0.0000000000,0.0000000000,0.0000000000
42.15000000,-27.596221,5.463888,-6.559831,-92.780221,-0.1117120809,-1.9968776655,-0.5000000000,0.0000000000,0.0000000000,0.0000000000
42.20000000,-27.601806,5.364045,-6.584831,-92.780222,-0.1117120809,-1.9968776655,-0.5000000000,0.0000000000,0.0000000000,0.0000000000
42.25000000,-27.607392,5.264201,-6.609831,-92.780221,-0.1117120809,-1.9968776655,-0.5000000000,0.0000000000,0.0000000000,0.0000000000
42.30000000,-27.612977,5.164357,-6.634831,-92.780221,-0.1117120809,-1.9968776655,-0.5000000000,0.0000000000,0.0000000000,0.0000000000
42.35000000,-27.618563,5.064514,-6.659831,-92.780221,-0.1117120809,-1.9968776655,-0.5000000000,0.0000000000,0.0000000000,0.0000000000
42.40000000,-27.624149,4.964670,-6.684831,-92.780221,-0.1117120809,-1.9968776655,-0.5000000000,0.0000000000,0.0000000000,0.0000000000
42.45000000,-27.629734,4.864826,-6.709831,-92.780221,-0.1117120809,-1.9968776655,-0.5000000000,0.0000000000,0.0000000000,0.0000000000
42.50000000,-27.635320,4.764983,-6.734831,-92.780222,-0.1117120809,-1.9968776655,-0.5000000000,0.0000000000,0.0000000000,0.0000000000
42.55000000,-27.640905,4.665139,-6.759831,-92.780221,-0.1117120809,-1.9968776655,-0.5000000000,0.0000000000,0.0000000000,0.0000000000
42.60000000,-27.646491,4.565296,-6.784831,-92.780221,-0.1117120809,-1.9968776655,-0.5000000000,0.0000000000,0.0000000000,0.0000000000
42.65000000,-27.652077,4.465452,-6.809831,-92.780221,-0.1117120809,-1.9968776655,-0.5000000000,0.0000000000,0.0000000000,0.0000000000
42.70000000,-27.657662,4.365608,-6.834831,-92.780221,-0.1117120809,-1.9968776655,-0.5000000000,0.0000000000,0.0000000000,0.0000000000
42.75000000,-27.663248,4.265765,-6.859831,-92.780221,-0.1117120809,-1.9968776655,-0.5000000000,0.0000000000,0.0000000000,0.0000000000
42.80000000,-27.668833,4.165921,-6.884831,-92.780222,-0.1117120809,-1.9968776655,-0.5000000000,0.0000000000,0.0000000000,0.0000000000
42.85000000,-27.674419,4.066077,-6.909831,-92.780221,-0.1117120809,-1.9968776655,-0.5000000000,0.0000000000,0.0000000000,0.0000000000
42.90000000,-27.680005,3.966234,-6.934831,-92.780221,-0.1117120809,-1.9968776655,-0.5000000000,0.0000000000,0.0000000000,0.0000000000
42.95000000,-27.685590,3.866390,-6.959831,-92.780221,-0.1117120809,-1.9968776655,-0.5000000000,0.0000000000,0.0000000000,0.0000000000
43.00000000,-27.691176,3.766546,-6.984831,-92.780221,-0.1117120809,-1.9968776655,-0.5000000000,0.0000000000,0.0000000000,0.0000000000
43.05000000,-27.696762,3.666703,-7.009831,-92.780221,-0.1117120809,-1.9968776655,-0.5000000000,0.0000000000,0.0000000000,0.0000000000
43.10000000,-27.702347,3.566859,-7.034831,-92.780221,-0.1117120809,-1.9968776655,-0.5000000000,0.0000000000,0.0000000000,0.0000000000
43.15000000,-27.707933,3.467015,-7.059831,-92.780222,-0.1117120809,-1.9968776655,-0.5000000000,0.0000000000,0.0000000000,0.0000000000
43.20000000,-27.713518,3.367172,-7.084831,-92.780221,-0.1117120809,-1.9968776655,-0.5000000000,0.0000000000,0.0000000000,0.0000000000
43.25000000,-27.719104,3.267328,-7.109831,-92.780221,-0.1117120809,-1.9968776655,-0.5000000000,0.0000000000,0.0000000000,0.0000000000
43.30000000,-27.724690,3.167485,-7.134831,-92.780221,-0.1117120809,-1.9968776655,-0.5000000000,0.0000000000,0.0000000000,0.0000000000
43.35000000,-27.730275,3.067641,-7.159831,-92.780221,-0.1117120809,-1.9968776655,-0.5000000000,0.0000000000,0.0000000000,0.0000000000
43.40000000,-27.735861,2.967797,-7.184831,-92.780221,-0.1117120809,-1.9968776655,-0.5000000000,0.0000000000,0.0000000000,0.0000000000
43.45000000,-27.741446,2.867954,-7.209831,-92.780222,-0.1117120809,-1.9968776655,-0.5000000000,0.0000000000,0.0000000000,0.0000000000
43.50000000,-27.747032,2.768110,-7.234831,-92.780221,-0.1117120809,-1.9968776655,-0.5000000000,0.0000000000,0.0000000000,0.0000000000
43.55000000,-27.752618,2.668266,-7.259831,-92.780221,-0.1117120809,-1.9968776655,-0.5000000000,0.0000000000,0.0000000000,0.0000000000
43.60000000,-27.758203,2.568423,-7.284831,-92.780221,-0.1117120809,-1.9968776655,-0.5000000000,0.0000000000,0.0000000000,0.0000000000
43.65000000,-27.763789,2.468579,-7.309831,-92.780221,-0.1117120809,-1.9968776655,-0.5000000000,0.0000000000,0.0000000000,0.0000000000
43.70000000,-27.769374,2.368735,-7.334831,-92.780221,-0.1117120809,-1.9968776655,-0.5000000000,0.0000000000,0.0000000000,0.0000000000
43.75000000,-27.774960,2.268892,-7.359831,-92.780222,-0.1117120809,-1.9968776655,-0.5000000000,0.0000000000,0.0000000000,0.0000000000
43.80000000,-27.780546,2.169048,-7.384831,-92.780221,-0.1117120809,-1.9968776655,-0.5000000000,0.0000000000,0.0000000000,0.0000000000
43.85000000,-27.786131,2.069204,-7.409831,-92.780221,-0.1117120809,-1.9968776655,-0.5000000000,0.0000000000,0.0000000000,0.0000000000
43.90000000,-27.791717,1.969361,-7.434831,-92.780221,-0.1117120809,-1.9968776655,-0.5000000000,0.0000000000,0.0000000000,0.0000000000
43.95000000,-27.797302,1.869517,-7.459831,-92.780221,-0.1117120809,-1.9968776655,-0.5000000000,0.0000000000,0.0000000000,0.0000000000
44.00000000,-27.802888,1.769674,-7.484831,-92.780221,-0.1117120809,-1.9968776655,-0.5000000000,0.0000000000,0.0000000000,0.0000000000
44.05000000,-27.808474,1.669830,-7.509831,-92.780221,-0.1117120809,-1.9968776655,-0.5000000000,0.0000000000,0.0000000000,0.0000000000
44.10000000,-27.814059,1.569986,-7.534831,-92.780222,-0.1117120809,-1.9968776655,-0.5000000000,0.0000000000,0.0000000000,0.0000000000
44.15000000,-27.819645,1.470143,-7.559831,-92.780221,-0.1117120809,-1.9968776655,-0.5000000000,0.0000000000,0.0000000000,0.0000000000
44.20000000,-27.825230,1.370299,-7.584831,-92.780221,-0.1117120809,-1.9968776655,-0.5000000000,0.0000000000,0.0000000000,0.0000000000
44.25000000,-27.830816,1.270455,-7.609831,-92.780221,-0.1117120809,-1.9968776655,-0.5000000000,0.0000000000,0.0000000000,0.0000000000
44.30000000,-27.836402,1.170612,-7.634831,-92.780221,-0.1117120809,-1.9968776655,-0.5000000000,0.0000000000,0.0000000000,0.0000000000
44.35000000,-27.841987,1.070768,-7.659831,-92.780221,-0.1117120809,-1.9968776655,-0.5000000000,0.0000000000,0.0000000000,0.0000000000
44.40000000,-27.847573,0.970924,-7.684831,-92.780222,-0.1117120809,-1.9968776655,-0.5000000000,0.0000000000,0.0000000000,0.0000000000
44.45000000,-27.853158,0.871081,-7.709831,-92.780221,-0.1117120809,-1.9968776655,-0.5000000000,0.0000000000,0.0000000000,0.0000000000
44.50000000,-27.858744,0.771237,-7.734831,-92.780221,-0.1117120809,-1.9968776655,-0.5000000000,0.0000000000,0.0000000000,0.0000000000
44.55000000,-27.864330,0.671393,-7.759831,-92.780221,-0.1117120809,-1.9968776655,-0.5000000000,0.0000000000,0.0000000000,0.0000000000
44.60000000,-27.869915,0.571550,-7.784831,-92.780221,-0.1117120809,-1.9968776655,-0.5000000000,0.0000000000,0.0000000000,0.0000000000
44.65000000,-27.875501,0.471706,-7.809831,-92.780221,-0.1117120809,-1.9968776655,-0.5000000000,0.0000000000,0.0000000000,0.0000000000
44.70000000,-27.881086,0.371863,-7.834831,-92.780222,-0.1117120809,-1.9968776655,-0.5000000000,0.0000000000,0.0000000000,0.0000000000
44.75000000,-27.886672,0.272019,-7.859831,-92.780221,-0.1117120809,-1.9968776655,-0.5000000000,0.0000000000,0.0000000000,0.0000000000
44.80000000,-27.892258,0.172175,-7.884831,-92.780221,-0.1117120809,-1.9968776655,-0.5000000000,0.0000000000,0.0000000000,0.0000000000
44.85000000,-27.897843,0.072332,-7.909831,-92.780221,-0.1117120809,-1.9968776655,-0.5000000000,0.0000000000,0.0000000000,0.0000000000
44.90000000,-27.903429,-0.027512,-7.934831,-92.780221,-0.1117120809,-1.9968776655,-0.5000000000,0.0000000000,0.0000000000,0.0000000000
44.95000000,-27.909014,-0.127356,-7.959831,-92.780221,-0.1117120809,-1.9968776655,-0.5000000000,0.0000000000,0.0000000000,0.0000000000
45.00000000,-27.914600,-0.227199,-7.984831,-92.780221,-0.1117120809,-1.9968776655,-0.5000000000,0.0000000000,0.0000000000,0.0000000000
45.05000000,-27.920186,-0.327043,-8.009831,-92.780222,-0.1117120809,-1.9968776655,-0.5000000000,0.0000000000,0.0000000000,0.0000000000
45.10000000,-27.925771,-0.426887,-8.034831,-92.780221,-0.1117120809,-1.9968776655,-0.5000000000,0.0000000000,0.0000000000,0.0000000000
45.15000000,-27.931357,-0.526730,-8.059831,-92.780221,-0.1117120809,-1.9968776655,-0.5000000000,0.0000000000,0.0000000000,0.0000000000
45.20000000,-27.936942,-0.626574,-8.084831,-92.780221,-0.1117120809,-1.9968776655,-0.5000000000,0.0000000000,0.0000000000,0.0000000000
45.25000000,-27.942528,-0.726418,-8.109831,-92.780221,-0.1117120809,-1.9968776655,-0.5000000000,0.0000000000,0.0000000000,0.0000000000
45.30000000,-27.948114,-0.826261,-8.134831,-92.780221,-0.1117120809,-1.9968776655,-0.5000000000,0.0000000000,0.0000000000,0.0000000000
45.35000000,-27.953699,-0.926105,-8.159831,-92.780222,-0.1117120809,-1.9968776655,-0.5000000000,0.0000000000,0.0000000000,0.0000000000
45.40000000,-27.959285,-1.025948,-8.184831,-92.780221,-0.1117120809,-1.9968776655,-0.5000000000,0.0000000000,0.0000000000,0.0000000000
45.45000000,-27.964871,-1.125792,-8.209831,-92.780221,-0.1117120809,-1.9968776655,-0.5000000000,0.0000000000,0.0000000000,0.0000000000
45.50000000,-27.970456,-1.225636,-8.234831,-92.780221,-0.1117120809,-1.9968776655,-0.5000000000,0.0000000000,0.0000000000,0.0000000000
45.55000000,-27.976042,-1.325479,-8.259831,-92.780221,-0.1117120809,-1.9968776655,-0.5000000000,0.0000000000,0.0000000000,0.0000000000
45.60000000,-27.981627,-1.425323,-8.284831,-92.780221,-0.1117120809,-1.9968776655,-0.5000000000,0.0000000000,0.0000000000,0.0000000000
45.65000000,-27.987213,-1.525167,-8.309831,-92.780222,-0.1117120809,-1.9968776655,-0.5000000000,0.0000000000,0.0000000000,0.0000000000
45.70000000,-27.992799,-1.625010,-8.334831,-92.780221,-0.1117120809,-1.9968776655,-0.5000000000,0.0000000000,0.0000000000,0.0000000000
45.75000000,-27.998384,-1.724854,-8.359831,-92.780221,-0.1117120809,-1.9968776655,-0.5000000000,0.0000000000,0.0000000000,0.0000000000
45.80000000,-28.003970,-1.824698,-8.384831,-92.780221,-0.1117120809,-1.9968776655,-0.5000000000,0.0000000000,0.0000000000,0.0000000000
45.85000000,-28.009555,-1.924541,-8.409831,-92.780221,-0.1117120809,-1.9968776655,-0.5000000000,0.0000000000,0.0000000000,0.0000000000
45.90000000,-28.015141,-2.024385,-8.434831,-92.780221,-0.1117120809,-1.9968776655,-0.5000000000,0.0000000000,0.0000000000,0.0000000000
45.95000000,-28.020727,-2.124229,-8.459831,-92.780221,-0.1117120809,-1.9968776655,-0.5000000000,0.0000000000,0.0000000000,0.0000000000
46.00000000,-28.026312,-2.224072,-8.484831,-92.780222,-0.1117120809,-1.9968776655,-0.5000000000,0.0000000000,0.0000000000,0.0000000000
46.05000000,-28.031898,-2.323916,-8.509831,-92.780221,-0.1117120809,-1.9968776655,-0.5000000000,0.0000000000,0.0000000000,0.0000000000
46.10000000,-28.037483,-2.423759,-8.534831,-92.780221,-0.1117120809,-1.9968776655,-0.5000000000,0.0000000000,0.0000000000,0.0000000000
46.15000000,-28.043069,-2.523603,-8.559831,-92.780221,-0.1117120809,-1.9968776655,-0.5000000000,0.0000000000,0.0000000000,0.0000000000
46.20000000,-28.048655,-2.623447,-8.584831,-92.780221,-0.1117120809,-1.9968776655,-0.5000000000,0.0000000000,0.0000000000,0.0000000000
46.25000000,-28.054240,-2.723290,-8.609831,-92.780221,-0.1117120809,-1.9968776655,-0.5000000000,0.0000000000,0.0000000000,0.0000000000
46.30000000,-28.059826,-2.823134,-8.634831,-92.780222,-0.1117120809,-1.9968776655,-0.5000000000,0.0000000000,0.0000000000,0.0000000000
46.35000000,-28.065411,-2.922978,-8.659831,-92.780221,-0.1117120809,-1.9968776655,-0.5000000000,0.0000000000,0.0000000000,0.0000000000
46.40000000,-28.070997,-3.022821,-8.684831,-92.780221,-0.1117120809,-1.9968776655,-0.5000000000,0.0000000000,0.0000000000,0.0000000000
46.45000000,-28.076583,-3.122665,-8.709831,-91.780221,-0.1117120809,-1.9968776655,-0.5000000000,0.0000000000,0.0000000000,0.0000000000
46.50000000,-28.074833,-3.091389,-8.702000,-90.780221,-0.1110725445,-1.9854458136,-0.4971375683,0.0279280202,0.4992194164,0.1250000000
46.55000000,-28.064300,-2.903120,-8.654859,-89.780221,-0.1096761435,-1.9604848427,-0.4908875683,0.0279280202,0.4992194164,0.1250000000
46.60000000,-28.053628,-2.712355,-8.607093,-88.780221,-0.1082797425,-1.9355238719,-0.4846375683,0.0279280202,0.4992194164,0.1250000000
46.65000000,-28.042817,-2.519094,-8.558702,-87.780221,-0.1068833415,-1.9105629011,-0.4783875683,0.0279280202,0.4992194164,0.1250000000
46.70000000,-28.031865,-2.323336,-8.509686,-86.780221,-0.1054869405,-1.8856019303,-0.4721375683,0.0279280202,0.4992194164,0.1250000000
46.75000000,-28.020774,-2.125083,-8.460045,-85.780221,-0.1040905395,-1.8606409595,-0.4658875683,0.0279280202,0.4992194164,0.1250000000
46.80000000,-28.009544,-1.924333,-8.409779,-84.780221,-0.1026941385,-1.8356799886,-0.4596375683,0.0279280202,0.4992194164,0.1250000000
46.85000000,-27.998173,-1.721087,-8.358888,-83.780221,-0.1012977375,-1.8107190178,-0.4533875683,0.0279280202,0.4992194164,0.1250000000
46.90000000,-27.986663,-1.515345,-8.307372,-82.780221,-0.0999013364,-1.7857580470,-0.4471375683,0.0279280202,0.4992194164,0.1250000000
46.95000000,-27.975014,-1.307107,-8.255231,-81.780221,-0.0985049354,-1.7607970762,-0.4408875683,0.0279280202,0.4992194164,0.1250000000
47.00000000,-27.963225,-1.096373,-8.202465,-80.780221,-0.0971085344,-1.7358361054,-0.4346375683,0.0279280202,0.4992194164,0.1250000000
47.05000000,-27.951296,-0.883143,-8.149074,-79.780221,-0.0957121334,-1.7108751345,-0.4283875683,0.0279280202,0.4992194164,0.1250000000
47.10000000,-27.939227,-0.667417,-8.095058,-78.780221,-0.0943157324,-1.6859141637,-0.4221375683,0.0279280202,0.4992194164,0.1250000000
47.15000000,-27.927019,-0.449195,-8.040417,-77.780221,-0.0929193314,-1.6609531929,-0.4158875683,0.0279280202,0.4992194164,0.1250000000
47.20000000,-27.914672,-0.228476,-7.985151,-76.780221,-0.0915229304,-1.6359922221,-0.4096375683,0.0279280202,0.4992194164,0.1250000000
47.25000000,-27.902184,-0.005262,-7.929260,-75.780221,-0.0901265294,-1.6110312513,-0.4033875683,0.0279280202,0.4992194164,0.1250000000
47.30000000,-27.889557,0.220449,-7.872744,-74.780221,-0.0887301284,-1.5860702805,-0.3971375683,0.0279280202,0.4992194164,0.1250000000
47.35000000,-27.876790,0.448655,-7.815603,-73.780221,-0.0873337273,-1.5611093096,-0.3908875683,0.0279280202,0.4992194164,0.1250000000
47.40000000,-27.863884,0.679358,-7.757837,-72.780221,-0.0859373263,-1.5361483388,-0.3846375683,0.0279280202,0.4992194164,0.1250000000
47.45000000,-27.850838,0.912557,-7.699446,-71.780221,-0.0845409253,-1.5111873680,-0.3783875683,0.0279280202,0.4992194164,0.1250000000
47.50000000,-27.837652,1.148252,-7.640430,-70.780221,-0.0831445243,-1.4862263972,-0.3721375683,0.0279280202,0.4992194164,0.1250000000
47.55000000,-27.824327,1.386443,-7.580789,-69.780221,-0.0817481233,-1.4612654264,-0.3658875683,0.0279280202,0.4992194164,0.1250000000
47.60000000,-27.810862,1.627130,-7.520523,-68.780221,-0.0803517223,-1.4363044555,-0.3596375683,0.0279280202,0.4992194164,0.1250000000
47.65000000,-27.797258,1.870313,-7.459632,-67.780221,-0.0789553213,-1.4113434847,-0.3533875683,0.0279280202,0.4992194164,0.1250000000
47.70000000,-27.783514,2.115993,-7.398116,-66.780221,-0.0775589203,-1.3863825139,-0.3471375683,0.0279280202,0.4992194164,0.1250000000
47.75000000,-27.769630,2.364168,-7.335975,-65.780221,-0.0761625192,-1.3614215431,-0.3408875683,0.0279280202,0.4992194164,0.1250000000
47.80000000,-27.755606,2.614839,-7.273209,-64.780221,-0.0747661182,-1.3364605723,-0.3346375683,0.0279280202,0.4992194164,0.1250000000
47.85000000,-27.741443,2.868007,-7.209818,-63.780221,-0.0733697172,-1.3114996014,-0.3283875683,0.0279280202,0.4992194164,0.1250000000
47.90000000,-27.727141,3.123671,-7.145802,-62.780221,-0.0719733162,-1.2865386306,-0.3221375683,0.0279280202,0.4992194164,0.1250000000
47.95000000,-27.712698,3.381830,-7.081161,-61.780221,-0.0705769152,-1.2615776598,-0.3158875683,0.0279280202,0.4992194164,0.1250000000
48.00000000,-27.698116,3.642486,-7.015895,-60.780221,-0.0691805142,-1.2366166890,-0.3096375683,0.0279280202,0.4992194164,0.1250000000
48.05000000,-27.683395,3.905638,-6.950004,-59.780221,-0.0677841132,-1.2116557182,-0.3033875683,0.0279280202,0.4992194164,0.1250000000
48.10000000,-27.668533,4.171286,-6.883488,-58.780221,-0.0663877122,-1.1866947474,-0.2971375683,0.0279280202,0.4992194164,0.1250000000
48.15000000,-27.653532,4.439430,-6.816347,-57.780221,-0.0649913111,-1.1617337765,-0.2908875683,0.0279280202,0.4992194164,0.1250000000
48.20000000,-27.638392,4.710070,-6.748581,-56.780221,-0.0635949101,-1.1367728057,-0.2846375683,0.0279280202,0.4992194164,0.1250000000
48.25000000,-27.623112,4.983207,-6.680190,-55.780221,-0.0621985091,-1.1118118349,-0.2783875683,0.0279280202,0.4992194164,0.1250000000
48.30000000,-27.607692,5.258839,-6.611174,-54.780221,-0.0608021081,-1.0868508641,-0.2721375683,0.0279280202,0.4992194164,0.1250000000
48.35000000,-27.592132,5.536968,-6.541533,-53.780221,-0.0594057071,-1.0618898933,-0.2658875683,0.0279280202,0.4992194164,0.1250000000
48.40000000,-27.576433,5.817592,-6.471267,-52.780221,-0.0580093061,-1.0369289224,-0.2596375683,0.0279280202,0.4992194164,0.1250000000
48.45000000,-27.560594,6.100713,-6.400376,-51.780221,-0.0566129051,-1.0119679516,-0.2533875683,0.0279280202,0.4992194164,0.1250000000
48.50000000,-27.544616,6.386330,-6.328859,-50.780221,-0.0552165041,-0.9870069808,-0.2471375683,0.0279280202,0.4992194164,0.1250000000
48.55000000,-27.528498,6.674442,-6.256718,-49.780221,-0.0538201031,-0.9620460100,-0.2408875683,0.0279280202,0.4992194164,0.1250000000
48.60000000,-27.512240,6.965051,-6.183952,-48.780221,-0.0524237020,-0.9370850392,-0.2346375683,0.0279280202,0.4992194164,0.1250000000
48.65000000,-27.495843,7.258156,-6.110561,-47.780221,-0.0510273010,-0.9121240683,-0.2283875683,0.0279280202,0.4992194164,0.1250000000
48.70000000,-27.479306,7.553758,-6.036545,-46.780221,-0.0496309000,-0.8871630975,-0.2221375683,0.0279280202,0.4992194164,0.1250000000
48.75000000,-27.462629,7.851855,-5.961904,-45.780221,-0.0482344990,-0.8622021267,-0.2158875683,0.0279280202,0.4992194164,0.1250000000
48.80000000,-27.445813,8.152448,-5.886638,-44.780221,-0.0468380980,-0.8372411559,-0.2096375683,0.0279280202,0.4992194164,0.1250000000
48.85000000,-27.428857,8.455537,-5.810747,-43.780221,-0.0454416970,-0.8122801851,-0.2033875683,0.0279280202,0.4992194164,0.1250000000
48.90000000,-27.411762,8.761123,-5.734231,-42.780221,-0.0440452960,-0.7873192143,-0.1971375683,0.0279280202,0.4992194164,0.1250000000
48.95000000,-27.394527,9.069205,-5.657090,-41.780221,-0.0426488950,-0.7623582434,-0.1908875683,0.0279280202,0.4992194164,0.1250000000
49.00000000,-27.377152,9.379782,-5.579324,-40.780221,-0.0412524939,-0.7373972726,-0.1846375683,0.0279280202,0.4992194164,0.1250000000
49.05000000,-27.359637,9.692856,-5.500933,-39.780221,-0.0398560929,-0.7124363018,-0.1783875683,0.0279280202,0.4992194164,0.1250000000
49.10000000,-27.341983,10.008426,-5.421917,-38.780221,-0.0384596919,-0.6874753310,-0.1721375683,0.0279280202,0.4992194164,0.1250000000
49.15000000,-27.324190,10.326492,-5.342276,-37.780221,-0.0370632909,-0.6625143602,-0.1658875683,0.0279280202,0.4992194164,0.1250000000
49.20000000,-27.306256,10.647054,-5.262010,-36.780221,-0.0356668899,-0.6375533893,-0.1596375683,0.0279280202,0.4992194164,0.1250000000
49.25000000,-27.288183,10.970112,-5.181119,-35.780221,-0.0342704889,-0.6125924185,-0.1533875683,0.0279280202,0.4992194164,0.1250000000
49.30000000,-27.269971,11.295666,-5.099603,-34.780221,-0.0328740879,-0.5876314477,-0.1471375683,0.0279280202,0.4992194164,0.1250000000
49.35000000,-27.251618,11.623716,-5.017462,-33.780221,-0.0314776869,-0.5626704769,-0.1408875683,0.0279280202,0.4992194164,0.1250000000
49.40000000,-27.233126,11.954263,-4.934696,-32.780221,-0.0300812859,-0.5377095061,-0.1346375683,0.0279280202,0.4992194164,0.1250000000
49.45000000,-27.214495,12.287305,-4.851305,-31.780221,-0.0286848848,-0.5127485352,-0.1283875683,0.0279280202,0.4992194164,0.1250000000
49.50000000,-27.195724,12.622844,-4.767289,-30.780221,-0.0272884838,-0.4877875644,-0.1221375683,0.0279280202,0.4992194164,0.1250000000
49.55000000,-27.176813,12.960878,-4.682648,-29.780221,-0.0258920828,-0.4628265936,-0.1158875683,0.0279280202,0.4992194164,0.1250000000
49.60000000,-27.157762,13.301409,-4.597382,-28.780221,-0.0244956818,-0.4378656228,-0.1096375683,0.0279280202,0.4992194164,0.1250000000
49.65000000,-27.138572,13.644436,-4.511491,-27.780221,-0.0230992808,-0.4129046520,-0.1033875683,0.0279280202,0.4992194164,0.1250000000
49.70000000,-27.119242,13.989959,-4.424975,-26.780221,-0.0217028798,-0.3879436812,-0.0971375683,0.0279280202,0.4992194164,0.1250000000
49.75000000,-27.099773,14.337978,-4.337834,-25.780221,-0.0203064788,-0.3629827103,-0.0908875683,0.0279280202,0.4992194164,0.1250000000
49.80000000,-27.080164,14.688493,-4.250068,-24.780221,-0.0189100778,-0.3380217395,-0.0846375683,0.0279280202,0.4992194164,0.1250000000
49.85000000,-27.060415,15.041504,-4.161677,-23.780221,-0.0175136767,-0.3130607687,-0.0783875683,0.0279280202,0.4992194164,0.1250000000
49.90000000,-27.040527,15.397012,-4.072661,-22.780221,-0.0161172757,-0.2880997979,-0.0721375683,0.0279280202,0.4992194164,0.1250000000
49.95000000,-27.020499,15.755015,-3.983020,-21.780221,-0.0147208747,-0.2631388271,-0.0658875683,0.0279280202,0.4992194164,0.1250000000
50.00000000,-27.000331,16.115515,-3.892754,-20.780221,-0.0133244737,-0.2381778562,-0.0596375683,0.0279280202,0.4992194164,0.1250000000
50.05000000,-26.980024,16.478510,-3.801863,-19.780221,-0.0119280727,-0.2132168854,-0.0533875683,0.0279280202,0.4992194164,0.1250000000
50.10000000,-26.959577,16.844002,-3.710347,-18.780221,-0.0105316717,-0.1882559146,-0.0471375683,0.0279280202,0.4992194164,0.1250000000
50.15000000,-26.938991,17.211990,-3.618206,-17.780221,-0.0091352707,-0.1632949438,-0.0408875683,0.0279280202,0.4992194164,0.1250000000
50.20000000,-26.918264,17.582473,-3.525440,-16.780221,-0.0077388697,-0.1383339730,-0.0346375683,0.0279280202,0.4992194164,0.1250000000
50.25000000,-26.897399,17.955453,-3.432049,-15.780221,-0.0063424687,-0.1133730021,-0.0283875683,0.0279280202,0.4992194164,0.1250000000
50.30000000,-26.876393,18.330929,-3.338033,-14.780221,-0.0049460676,-0.0884120313,-0.0221375683,0.0279280202,0.4992194164,0.1250000000
50.35000000,-26.855248,18.708902,-3.243392,-13.780221,-0.0035496666,-0.0634510605,-0.0158875683,0.0279280202,0.4992194164,0.1250000000
50.40000000,-26.833963,19.089370,-3.148126,-12.780221,-0.0021532656,-0.0384900897,-0.0096375683,0.0279280202,0.4992194164,0.1250000000
50.45000000,-26.812539,19.472334,-3.052235,-13.780221,-0.0007568646,-0.0135291189,-0.0033875683,0.0279280202,0.4992194164,0.1250000000
50.50000000,-28.079610,-3.176781,-6.000157,-14.780221,0.0000000000,0.0000000000,-0.0068698361,0.0000000000,0.0000000000,-0.3000000000
50.55000000,-28.079610,-3.176781,-6.001594,-15.780221,0.0000000000,0.0000000000,-0.0218698361,0.0000000000,0.0000000000,-0.3000000000
50.60000000,-28.079610,-3.176781,-6.004531,-16.780221,0.0000000000,0.0000000000,-0.0368698361,0.0000000000,0.0000000000,-0.3000000000
50.65000000,-28.079610,-3.176781,-6.008968,-17.780221,0.0000000000,0.0000000000,-0.0518698361,0.0000000000,0.0000000000,-0.3000000000
50.70000000,-28.079610,-3.176781,-6.014905,-18.780221,0.0000000000,0.0000000000,-0.0668698361,0.0000000000,0.0000000000,-0.3000000000
50.75000000,-28.079610,-3.176781,-6.022342,-19.780221,0.0000000000,0.0000000000,-0.0818698361,0.0000000000,0.0000000000,-0.3000000000
50.80000000,-28.079610,-3.176781,-6.031279,-20.780221,0.0000000000,0.0000000000,-0.0968698361,0.0000000000,0.0000000000,-0.3000000000
50.85000000,-28.079610,-3.176781,-6.041716,-21.780221,0.0000000000,0.0000000000,-0.1118698361,0.0000000000,0.0000000000,-0.3000000000
50.90000000,-28.079610,-3.176781,-6.053653,-22.780221,0.0000000000,0.0000000000,-0.1268698361,0.0000000000,0.0000000000,-0.3000000000
50.95000000,-28.079610,-3.176781,-6.067090,-23.780221,0.0000000000,0.0000000000,-0.1418698361,0.0000000000,0.0000000000,-0.3000000000
51.00000000,-28.079610,-3.176781,-6.082027,-24.780221,0.0000000000,0.0000000000,-0.1568698361,0.0000000000,0.0000000000,-0.3000000000
51.05000000,-28.079610,-3.176781,-6.098464,-25.780221,0.0000000000,0.0000000000,-0.1718698361,0.0000000000,0.0000000000,-0.3000000000
51.10000000,-28.079610,-3.176781,-6.116401,-26.780221,0.0000000000,0.0000000000,-0.1868698361,0.0000000000,0.0000000000,-0.3000000000
51.15000000,-28.079610,-3.176781,-6.135838,-27.780221,0.0000000000,0.0000000000,-0.2018698361,0.0000000000,0.0000000000,-0.3000000000
51.20000000,-28.079610,-3.176781,-6.156775,-28.780221,0.0000000000,0.0000000000,-0.2168698361,0.0000000000,0.0000000000,-0.3000000000
51.25000000,-28.079610,-3.176781,-6.179212,-29.780221,0.0000000000,0.0000000000,-0.2318698361,0.0000000000,0.0000000000,-0.3000000000
51.30000000,-28.079610,-3.176781,-6.203149,-30.780221,0.0000000000,0.0000000000,-0.2468698361,0.0000000000,0.0000000000,-0.3000000000
51.35000000,-28.079610,-3.176781,-6.228586,-31.780221,0.0000000000,0.0000000000,-0.2618698361,0.0000000000,0.0000000000,-0.3000000000
51.40000000,-28.079610,-3.176781,-6.255523,-32.780221,0.0000000000,0.0000000000,-0.2768698361,0.0000000000,0.0000000000,-0.3000000000
51.45000000,-28.079610,-3.176781,-6.283960,-33.780221,0.0000000000,0.0000000000,-0.2918698361,0.0000000000,0.0000000000,-0.3000000000
51.50000000,-28.079610,-3.176781,-6.313897,-34.780221,0.0000000000,0.0000000000,-0.3068698361,0.0000000000,0.0000000000,-0.3000000000
51.55000000,-28.079610,-3.176781,-6.345334,-35.780221,0.0000000000,0.0000000000,-0.3218698361,0.0000000000,0.0000000000,-0.3000000000
51.60000000,-28.079610,-3.176781,-6.378271,-36.780221,0.0000000000,0.0000000000,-0.3368698361,0.0000000000,0.0000000000,-0.3000000000
51.65000000,-28.079610,-3.176781,-6.412708,-37.780221,0.0000000000,0.0000000000,-0.3518698361,0.0000000000,0.0000000000,-0.3000000000
51.70000000,-28.079610,-3.176781,-6.448645,-38.780221,0.0000000000,0.0000000000,-0.3668698361,0.0000000000,0.0000000000,-0.3000000000
51.75000000,-28.079610,-3.176781,-6.486082,-39.780221,0.0000000000,0.0000000000,-0.3818698361,0.0000000000,0.0000000000,-0.3000000000
51.80000000,-28.079610,-3.176781,-6.525019,-40.780221,0.0000000000,0.0000000000,-0.3968698361,0.0000000000,0.0000000000,-0.3000000000
51.85000000,-28.079610,-3.176781,-6.565456,-41.780221,0.0000000000,0.0000000000,-0.4118698361,0.0000000000,0.0000000000,-0.3000000000
51.90000000,-28.079610,-3.176781,-6.607393,-42.780221,0.0000000000,0.0000000000,-0.4268698361,0.0000000000,0.0000000000,-0.3000000000
51.95000000,-28.079610,-3.176781,-6.650830,-43.780221,0.0000000000,0.0000000000,-0.4418698361,0.0000000000,0.0000000000,-0.3000000000
52.00000000,-28.079610,-3.176781,-6.695767,-44.780221,0.0000000000,0.0000000000,-0.4568698361,0.0000000000,0.0000000000,-0.3000000000
52.05000000,-28.079610,-3.176781,-6.742204,-45.780221,0.0000000000,0.0000000000,-0.4718698361,0.0000000000,0.0000000000,-0.3000000000
52.10000000,-28.079610,-3.176781,-6.790141,-46.780221,0.0000000000,0.0000000000,-0.4868698361,0.0000000000,0.0000000000,-0.3000000000
52.15000000,-28.079610,-3.176781,-6.836450,-47.780221,0.0000000000,0.0000000000,-0.5000000000,0.0000000000,0.0000000000,0.0000000000
52.20000000,-28.079610,-3.176781,-6.861450,-48.780221,0.0000000000,0.0000000000,-0.5000000000,0.0000000000,0.0000000000,0.0000000000
52.25000000,-28.079610,-3.176781,-6.886450,-49.780221,0.0000000000,0.0000000000,-0.5000000000,0.0000000000,0.0000000000,0.0000000000
52.30000000,-28.079610,-3.176781,-6.911450,-50.780221,0.0000000000,0.0000000000,-0.5000000000,0.0000000000,0.0000000000,0.0000000000
52.35000000,-28.079610,-3.176781,-6.936450,-51.780221,0.0000000000,0.0000000000,-0.5000000000,0.0000000000,0.0000000000,0.0000000000
52.40000000,-28.079610,-3.176781,-6.961450,-52.780221,0.0000000000,0.0000000000,-0.5000000000,0.0000000000,0.0000000000,0.0000000000
52.45000000,-28.079610,-3.176781,-6.986450,-53.780221,0.0000000000,0.0000000000,-0.5000000000,0.0000000000,0.0000000000,0.0000000000
52.50000000,-28.079610,-3.176781,-7.011450,-54.780221,0.0000000000,0.0000000000,-0.5000000000,0.0000000000,0.0000000000,0.0000000000
52.55000000,-28.079610,-3.176781,-7.036450,-55.780221,0.0000000000,0.0000000000,-0.5000000000,0.0000000000,0.0000000000,0.0000000000
52.60000000,-28.079610,-3.176781,-7.061450,-56.780221,0.0000000000,0.0000000000,-0.5000000000,0.0000000000,0.0000000000,0.0000000000
52.65000000,-28.079610,-3.176781,-7.086450,-57.780221,0.0000000000,0.0000000000,-0.5000000000,0.0000000000,0.0000000000,0.0000000000
52.70000000,-28.079610,-3.176781,-7.111450,-58.780221,0.0000000000,0.0000000000,-0.5000000000,0.0000000000,0.0000000000,0.0000000000
52.75000000,-28.079610,-3.176781,-7.136450,-59.780221,0.0000000000,0.0000000000,-0.5000000000,0.0000000000,0.0000000000,0.0000000000
52.80000000,-28.079610,-3.176781,-7.161450,-60.780221,0.0000000000,0.0000000000,-0.5000000000,0.0000000000,0.0000000000,0.0000000000
52.85000000,-28.079610,-3.176781,-7.186450,-61.780221,0.0000000000,0.0000000000,-0.5000000000,0.0000000000,0.0000000000,0.0000000000
52.90000000,-28.079610,-3.176781,-7.211450,-62.780221,0.0000000000,0.0000000000,-0.5000000000,0.0000000000,0.0000000000,0.0000000000
52.95000000,-28.079610,-3.176781,-7.236450,-63.780221,0.0000000000,0.0000000000,-0.5000000000,0.0000000000,0.0000000000,0.0000000000
53.00000000,-28.079610,-3.176781,-7.261450,-64.780221,0.0000000000,0.0000000000,-0.5000000000,0.0000000000,0.0000000000,0.0000000000
53.05000000,-28.079610,-3.176781,-7.286450,-65.780221,0.0000000000,0.0000000000,-0.5000000000,0.0000000000,0.0000000000,0.0000000000
53.10000000,-28.079610,-3.176781,-7.311450,-66.780221,0.0000000000,0.0000000000,-0.5000000000,0.0000000000,0.0000000000,0.0000000000
53.15000000,-28.079610,-3.176781,-7.336450,-67.780221,0.0000000000,0.0000000000,-0.5000000000,0.0000000000,0.0000000000,0.0000000000
53.20000000,-28.079610,-3.176781,-7.361450,-68.780221,0.0000000000,0.0000000000,-0.5000000000,0.0000000000,0.0000000000,0.0000000000
53.25000000,-28.079610,-3.176781,-7.386450,-69.780221,0.0000000000,0.0000000000,-0.5000000000,0.0000000000,0.0000000000,0.0000000000
53.30000000,-28.079610,-3.176781,-7.411450,-70.780221,0.0000000000,0.0000000000,-0.5000000000,0.0000000000,0.0000000000,0.0000000000
53.35000000,-28.079610,-3.176781,-7.436450,-71.780221,0.0000000000,0.0000000000,-0.5000000000,0.0000000000,0.0000000000,0.0000000000
53.40000000,-28.079610,-3.176781,-7.461450,-72.780221,0.0000000000,0.0000000000,-0.5000000000,0.0000000000,0.0000000000,0.0000000000
53.45000000,-28.079610,-3.176781,-7.486450,-73.780221,0.0000000000,0.0000000000,-0.5000000000,0.0000000000,0.0000000000,0.0000000000
53.50000000,-28.079610,-3.176781,-7.511450,-74.780221,0.0000000000,0.0000000000,-0.5000000000,0.0000000000,0.0000000000,0.0000000000
53.55000000,-28.079610,-3.176781,-7.536450,-75.780221,0.0000000000,0.0000000000,-0.5000000000,0.0000000000,0.0000000000,0.0000000000
53.60000000,-28.079610,-3.176781,-7.561450,-76.780221,0.0000000000,0.0000000000,-0.5000000000,0.0000000000,0.0000000000,0.0000000000
53.65000000,-28.079610,-3.176781,-7.586450,-77.780221,0.0000000000,0.0000000000,-0.5000000000,0.0000000000,0.0000000000,0.0000000000
53.70000000,-28.079610,-3.176781,-7.611450,-78.780221,0.0000000000,0.0000000000,-0.5000000000,0.0000000000,0.0000000000,0.0000000000
53.75000000,-28.079610,-3.176781,-7.636450,-79.780221,0.0000000000,0.0000000000,-0.5000000000,0.0000000000,0.0000000000,0.0000000000
53.80000000,-28.079610,-3.176781,-7.661450,-80.780221,0.0000000000,0.0000000000,-0.5000000000,0.0000000000,0.0000000000,0.0000000000
53.85000000,-28.079610,-3.176781,-7.686450,-81.780221,0.0000000000,0.0000000000,-0.5000000000,0.0000000000,0.0000000000,0.0000000000
53.90000000,-28.079610,-3.176781,-7.711450,-82.780221,0.0000000000,0.0000000000,-0.5000000000,0.0000000000,0.0000000000,0.0000000000
53.95000000,-28.079610,-3.176781,-7.736450,-83.780221,0.0000000000,0.0000000000,-0.5000000000,0.0000000000,0.0000000000,0.0000000000
54.00000000,-28.079610,-3.176781,-7.761450,-84.780221,0.0000000000,0.0000000000,-0.5000000000,0.0000000000,0.0000000000,0.0000000000
54.05000000,-28.079610,-3.176781,-7.786450,-85.780221,0.0000000000,0.0000000000,-0.5000000000,0.0000000000,0.0000000000,0.0000000000
54.10000000,-28.079610,-3.176781,-7.811450,-86.780221,0.0000000000,0.0000000000,-0.5000000000,0.0000000000,0.0000000000,0.0000000000
54.15000000,-28.079610,-3.176781,-7.836450,-87.780221,0.0000000000,0.0000000000,-0.5000000000,0.0000000000,0.0000000000,0.0000000000
54.20000000,-28.079610,-3.176781,-7.861450,-88.780221,0.0000000000,0.0000000000,-0.5000000000,0.0000000000,0.0000000000,0.0000000000
54.25000000,-28.079610,-3.176781,-7.886450,-89.780221,0.0000000000,0.0000000000,-0.5000000000,0.0000000000,0.0000000000,0.0000000000
54.30000000,-28.079610,-3.176781,-7.911450,-90.780221,0.0000000000,0.0000000000,-0.5000000000,0.0000000000,0.0000000000,0.0000000000
54.35000000,-28.079610,-3.176781,-7.936450,-91.780221,0.0000000000,0.0000000000,-0.5000000000,0.0000000000,0.0000000000,0.0000000000
54.40000000,-28.079610,-3.176781,-7.961450,-92.780221,0.0000000000,0.0000000000,-0.5000000000,0.0000000000,0.0000000000,0.0000000000
54.45000000,-28.079610,-3.176781,-7.986450,-92.780221,0.0000000000,0.0000000000,-0.5000000000,0.0000000000,0.0000000000,0.0000000000
54.50000000,-28.079610,-3.176781,-8.011450,-92.780221,0.0000000000,0.0000000000,-0.5000000000,0.0000000000,0.0000000000,0.0000000000
54.55000000,-28.079610,-3.176781,-8.036450,-92.780221,0.0000000000,0.0000000000,-0.5000000000,0.0000000000,0.0000000000,0.0000000000
54.60000000,-28.079610,-3.176781,-8.061450,-92.780221,0.0000000000,0.0000000000,-0.5000000000,0.0000000000,0.0000000000,0.0000000000
54.65000000,-28.079610,-3.176781,-8.086450,-92.780221,0.0000000000,0.0000000000,-0.5000000000,0.0000000000,0.0000000000,0.0000000000
54.70000000,-28.079610,-3.176781,-8.111450,-92.780221,0.0000000000,0.0000000000,-0.5000000000,0.0000000000,0.0000000000,0.0000000000
54.75000000,-28.079610,-3.176781,-8.136450,-92.780221,0.0000000000,0.0000000000,-0.5000000000,0.0000000000,0.0000000000,0.0000000000
54.80000000,-28.079610,-3.176781,-8.161450,-92.780221,0.0000000000,0.0000000000,-0.5000000000,0.0000000000,0.0000000000,0.0000000000
54.85000000,-28.079610,-3.176781,-8.186450,-92.780221,0.0000000000,0.0000000000,-0.5000000000,0.0000000000,0.0000000000,0.0000000000
54.90000000,-28.079610,-3.176781,-8.211450,-92.780221,0.0000000000,0.0000000000,-0.5000000000,0.0000000000,0.0000000000,0.0000000000
54.95000000,-28.079610,-3.176781,-8.236450,-92.780221,0.0000000000,0.0000000000,-0.5000000000,0.0000000000,0.0000000000,0.0000000000
55.00000000,-28.079610,-3.176781,-8.261450,-92.780221,0.0000000000,0.0000000000,-0.5000000000,0.0000000000,0.0000000000,0.0000000000
55.05000000,-28.079610,-3.176781,-8.286450,-92.780221,0.0000000000,0.0000000000,-0.5000000000,0.0000000000,0.0000000000,0.0000000000
55.10000000,-28.079610,-3.176781,-8.311450,-92.780221,0.0000000000,0.0000000000,-0.5000000000,0.0000000000,0.0000000000,0.0000000000
55.15000000,-28.079610,-3.176781,-8.336450,-92.780221,0.0000000000,0.0000000000,-0.5000000000,0.0000000000,0.0000000000,0.0000000000
55.20000000,-28.079610,-3.176781,-8.361450,-92.780221,0.0000000000,0.0000000000,-0.5000000000,0.0000000000,0.0000000000,0.0000000000
55.25000000,-28.079610,-3.176781,-8.386450,-92.780221,0.0000000000,0.0000000000,-0.5000000000,0.0000000000,0.0000000000,0.0000000000
55.30000000,-28.079610,-3.176781,-8.411450,-92.780221,0.0000000000,0.0000000000,-0.5000000000,0.0000000000,0.0000000000,0.0000000000
55.35000000,-28.079610,-3.176781,-8.436450,-92.780221,0.0000000000,0.0000000000,-0.5000000000,0.0000000000,0.0000000000,0.0000000000
55.40000000,-28.079610,-3.176781,-8.461450,-92.780221,0.0000000000,0.0000000000,-0.5000000000,0.0000000000,0.0000000000,0.0000000000
55.45000000,-28.079610,-3.176781,-8.486450,-92.780221,0.0000000000,0.0000000000,-0.5000000000,0.0000000000,0.0000000000,0.0000000000
55.50000000,-28.079610,-3.176781,-8.511450,-92.780221,0.0000000000,0.0000000000,-0.5000000000,0.0000000000,0.0000000000,0.0000000000
55.55000000,-28.079610,-3.176781,-8.536450,-92.780221,0.0000000000,0.0000000000,-0.5000000000,0.0000000000,0.0000000000,0.0000000000
55.60000000,-28.079610,-3.176781,-8.561450,-92.780221,0.0000000000,0.0000000000,-0.5000000000,0.0000000000,0.0000000000,0.0000000000
55.65000000,-28.079610,-3.176781,-8.586450,-92.780221,0.0000000000,0.0000000000,-0.5000000000,0.0000000000,0.0000000000,0.0000000000
55.70000000,-28.079610,-3.176781,-8.611450,-92.780221,0.0000000000,0.0000000000,-0.5000000000,0.0000000000,0.0000000000,0.0000000000
55.75000000,-28.079610,-3.176781,-8.636450,-92.780221,0.0000000000,0.0000000000,-0.5000000000,0.0000000000,0.0000000000,0.0000000000
55.80000000,-28.079610,-3.176781,-8.661450,-92.780221,0.0000000000,0.0000000000,-0.5000000000,0.0000000000,0.0000000000,0.0000000000
55.85000000,-28.079610,-3.176781,-8.686450,-92.780221,0.0000000000,0.0000000000,-0.5000000000,0.0000000000,0.0000000000,0.0000000000
55.90000000,-28.079610,-3.176781,-8.711450,-92.780221,0.0000000000,0.0000000000,-0.5000000000,0.0000000000,0.0000000000,0.0000000000
55.95000000,-28.079610,-3.176781,-8.736450,-92.780221,0.0000000000,0.0000000000,-0.5000000000,0.0000000000,0.0000000000,0.0000000000
56.00000000,-28.079610,-3.176781,-8.761450,-92.780221,0.0000000000,0.0000000000,-0.5000000000,0.0000000000,0.0000000000,0.0000000000
56.05000000,-28.079610,-3.176781,-8.786450,-92.780221,0.0000000000,0.0000000000,-0.5000000000,0.0000000000,0.0000000000,0.0000000000
56.10000000,-28.079610,-3.176781,-8.811450,-92.780221,0.0000000000,0.0000000000,-0.5000000000,0.0000000000,0.0000000000,0.0000000000
56.15000000,-28.079610,-3.176781,-8.836450,-92.780221,0.0000000000,0.0000000000,-0.5000000000,0.0000000000,0.0000000000,0.0000000000
56.20000000,-28.079610,-3.176781,-8.861450,-92.780221,0.0000000000,0.0000000000,-0.5000000000,0.0000000000,0.0000000000,0.0000000000
56.25000000,-28.079610,-3.176781,-8.886450,-92.780221,0.0000000000,0.0000000000,-0.5000000000,0.0000000000,0.0000000000,0.0000000000
56.30000000,-28.079610,-3.176781,-8.911450,-92.780221,0.0000000000,0.0000000000,-0.5000000000,0.0000000000,0.0000000000,0.0000000000
56.35000000,-28.079610,-3.176781,-8.936450,-92.780221,0.0000000000,0.0000000000,-0.5000000000,0.0000000000,0.0000000000,0.0000000000
56.40000000,-28.079610,-3.176781,-8.961450,-92.780221,0.0000000000,0.0000000000,-0.5000000000,0.0000000000,0.0000000000,0.0000000000
56.45000000,-28.079610,-3.176781,-8.986450,-92.780221,0.0000000000,0.0000000000,-0.5000000000,0.0000000000,0.0000000000,0.0000000000
56.50000000,-28.079610,-3.176781,-9.011450,-92.780221,0.0000000000,0.0000000000,-0.5000000000,0.0000000000,0.0000000000,0.0000000000
56.55000000,-28.079610,-3.176781,-9.036450,-92.780221,0.0000000000,0.0000000000,-0.5000000000,0.0000000000,0.0000000000,0.0000000000
56.60000000,-28.079610,-3.176781,-9.061450,-92.780221,0.0000000000,0.0000000000,-0.5000000000,0.0000000000,0.0000000000,0.0000000000
56.65000000,-28.079610,-3.176781,-9.086450,-92.780221,0.0000000000,0.0000000000,-0.5000000000,0.0000000000,0.0000000000,0.0000000000
56.70000000,-28.079610,-3.176781,-9.111450,-92.780221,0.0000000000,0.0000000000,-0.5000000000,0.0000000000,0.0000000000,0.0000000000
56.75000000,-28.079610,-3.176781,-9.136450,-92.780221,0.0000000000,0.0000000000,-0.5000000000,0.0000000000,0.0000000000,0.0000000000
56.80000000,-28.079610,-3.176781,-9.161450,-92.780221,0.0000000000,0.0000000000,-0.5000000000,0.0000000000,0.0000000000,0.0000000000
56.85000000,-28.079610,-3.176781,-9.186450,-92.780221,0.0000000000,0.0000000000,-0.5000000000,0.0000000000,0.0000000000,0.0000000000
56.90000000,-28.079610,-3.176781,-9.211450,-92.780221,0.0000000000,0.0000000000,-0.5000000000,0.0000000000,0.0000000000,0.0000000000
56.95000000,-28.079610,-3.176781,-9.236450,-92.780221,0.0000000000,0.0000000000,-0.5000000000,0.0000000000,0.0000000000,0.0000000000
57.00000000,-28.079610,-3.176781,-9.261450,-92.780221,0.0000000000,0.0000000000,-0.5000000000,0.0000000000,0.0000000000,0.0000000000
57.05000000,-28.079610,-3.176781,-9.286450,-92.780221,0.0000000000,0.0000000000,-0.5000000000,0.0000000000,0.0000000000,0.0000000000
57.10000000,-28.079610,-3.176781,-9.311450,-92.780221,0.0000000000,0.0000000000,-0.5000000000,0.0000000000,0.0000000000,0.0000000000
57.15000000,-28.079610,-3.176781,-9.336450,-92.780221,0.0000000000,0.0000000000,-0.5000000000,0.0000000000,0.0000000000,0.0000000000
57.20000000,-28.079610,-3.176781,-9.361450,-92.780221,0.0000000000,0.0000000000,-0.5000000000,0.0000000000,0.0000000000,0.0000000000
57.25000000,-28.079610,-3.176781,-9.386450,-92.780221,0.0000000000,0.0000000000,-0.5000000000,0.0000000000,0.0000000000,0.0000000000
57.30000000,-28.079610,-3.176781,-9.411450,-92.780221,0.0000000000,0.0000000000,-0.5000000000,0.0000000000,0.0000000000,0.0000000000
57.35000000,-28.079610,-3.176781,-9.436450,-92.780221,0.0000000000,0.0000000000,-0.5000000000,0.0000000000,0.0000000000,0.0000000000
57.40000000,-28.079610,-3.176781,-9.461450,-92.780221,0.0000000000,0.0000000000,-0.5000000000,0.0000000000,0.0000000000,0.0000000000
57.45000000,-28.079610,-3.176781,-9.486450,-92.780221,0.0000000000,0.0000000000,-0.5000000000,0.0000000000,0.0000000000,0.0000000000
57.50000000,-28.079610,-3.176781,-9.511450,-92.780221,0.0000000000,0.0000000000,-0.5000000000,0.0000000000,0.0000000000,0.0000000000
57.55000000,-28.079610,-3.176781,-9.536450,-92.780221,0.0000000000,0.0000000000,-0.5000000000,0.0000000000,0.0000000000,0.0000000000
57.60000000,-28.079610,-3.176781,-9.561450,-92.780221,0.0000000000,0.0000000000,-0.5000000000,0.0000000000,0.0000000000,0.0000000000
57.65000000,-28.079610,-3.176781,-9.586450,-92.780221,0.0000000000,0.0000000000,-0.5000000000,0.0000000000,0.0000000000,0.0000000000
57.70000000,-28.079610,-3.176781,-9.611450,-92.780221,0.0000000000,0.0000000000,-0.5000000000,0.0000000000,0.0000000000,0.0000000000
57.75000000,-28.079610,-3.176781,-9.636450,-92.780221,0.0000000000,0.0000000000,-0.5000000000,0.0000000000,0.0000000000,0.0000000000
57.80000000,-28.079610,-3.176781,-9.661450,-92.780221,0.0000000000,0.0000000000,-0.5000000000,0.0000000000,0.0000000000,0.0000000000
57.85000000,-28.079610,-3.176781,-9.686450,-92.780221,0.0000000000,0.0000000000,-0.5000000000,0.0000000000,0.0000000000,0.0000000000
57.90000000,-28.079610,-3.176781,-9.711450,-92.780221,0.0000000000,0.0000000000,-0.5000000000,0.0000000000,0.0000000000,0.0000000000
57.95000000,-28.079610,-3.176781,-9.736450,-92.780221,0.0000000000,0.0000000000,-0.5000000000,0.0000000000,0.0000000000,0.0000000000
58.00000000,-28.079610,-3.176781,-9.761450,-92.780221,0.0000000000,0.0000000000,-0.5000000000,0.0000000000,0.0000000000,0.0000000000
58.05000000,-28.079610,-3.176781,-9.786450,-92.780221,0.0000000000,0.0000000000,-0.5000000000,0.0000000000,0.0000000000,0.0000000000
58.10000000,-28.079610,-3.176781,-9.811450,-92.780221,0.0000000000,0.0000000000,-0.5000000000,0.0000000000,0.0000000000,0.0000000000
58.15000000,-28.079610,-3.176781,-9.836450,-92.780221,0.0000000000,0.0000000000,-0.5000000000,0.0000000000,0.0000000000,0.0000000000
58.20000000,-28.079610,-3.176781,-9.861450,-92.780221,0.0000000000,0.0000000000,-0.5000000000,0.0000000000,0.0000000000,0.0000000000
58.25000000,-28.079610,-3.176781,-9.886450,-92.780221,0.0000000000,0.0000000000,-0.5000000000,0.0000000000,0.0000000000,0.0000000000
58.30000000,-28.079610,-3.176781,-9.911450,-92.780221,0.0000000000,0.0000000000,-0.5000000000,0.0000000000,0.0000000000,0.0000000000
58.35000000,-28.079610,-3.176781,-9.936450,-92.780221,0.0000000000,0.0000000000,-0.5000000000,0.0000000000,0.0000000000,0.0000000000
58.40000000,-28.079610,-3.176781,-9.961450,-92.780221,0.0000000000,0.0000000000,-0.5000000000,0.0000000000,0.0000000000,0.0000000000
58.45000000,-28.079610,-3.176781,-9.986450,-92.780221,0.0000000000,0.0000000000,-0.5000000000,0.0000000000,0.0000000000,0.0000000000
58.50000000,-28.079610,-3.176781,-9.956334,-92.780221,0.0000000000,0.0000000000,-0.4931301639,0.0000000000,0.0000000000,0.3000000000
58.55000000,-28.079610,-3.176781,-9.859897,-92.780221,0.0000000000,0.0000000000,-0.4781301639,0.0000000000,0.0000000000,0.3000000000
58.60000000,-28.079610,-3.176781,-9.761960,-92.780221,0.0000000000,0.0000000000,-0.4631301639,0.0000000000,0.0000000000,0.3000000000
58.65000000,-28.079610,-3.176781,-9.662523,-92.780221,0.0000000000,0.0000000000,-0.4481301639,0.0000000000,0.0000000000,0.3000000000
58.70000000,-28.079610,-3.176781,-9.561586,-92.780221,0.0000000000,0.0000000000,-0.4331301639,0.0000000000,0.0000000000,0.3000000000
58.75000000,-28.079610,-3.176781,-9.459149,-92.780221,0.0000000000,0.0000000000,-0.4181301639,0.0000000000,0.0000000000,0.3000000000
58.80000000,-28.079610,-3.176781,-9.355212,-92.780221,0.0000000000,0.0000000000,-0.4031301639,0.0000000000,0.0000000000,0.3000000000
58.85000000,-28.079610,-3.176781,-9.249775,-92.780221,0.0000000000,0.0000000000,-0.3881301639,0.0000000000,0.0000000000,0.3000000000
58.90000000,-28.079610,-3.176781,-9.142838,-92.780221,0.0000000000,0.0000000000,-0.3731301639,0.0000000000,0.0000000000,0.3000000000
58.95000000,-28.079610,-3.176781,-9.034401,-92.780221,0.0000000000,0.0000000000,-0.3581301639,0.0000000000,0.0000000000,0.3000000000
59.00000000,-28.079610,-3.176781,-8.924464,-92.780221,0.0000000000,0.0000000000,-0.3431301639,0.0000000000,0.0000000000,0.3000000000
59.05000000,-28.079610,-3.176781,-8.813027,-92.780221,0.0000000000,0.0000000000,-0.3281301639,0.0000000000,0.0000000000,0.3000000000
59.10000000,-28.079610,-3.176781,-8.700090,-92.780221,0.0000000000,0.0000000000,-0.3131301639,0.0000000000,0.0000000000,0.3000000000
59.15000000,-28.079610,-3.176781,-8.585653,-92.780221,0.0000000000,0.0000000000,-0.2981301639,0.0000000000,0.0000000000,0.3000000000
59.20000000,-28.079610,-3.176781,-8.469716,-92.780221,0.0000000000,0.0000000000,-0.2831301639,0.0000000000,0.0000000000,0.3000000000
59.25000000,-28.079610,-3.176781,-8.352279,-92.780221,0.0000000000,0.0000000000,-0.2681301639,0.0000000000,0.0000000000,0.3000000000
59.30000000,-28.079610,-3.176781,-8.233342,-92.780221,0.0000000000,0.0000000000,-0.2531301639,0.0000000000,0.0000000000,0.3000000000
59.35000000,-28.079610,-3.176781,-8.112905,-92.780221,0.0000000000,0.0000000000,-0.2381301639,0.0000000000,0.0000000000,0.3000000000
59.40000000,-28.079610,-3.176781,-7.990968,-92.780221,0.0000000000,0.0000000000,-0.2231301639,0.0000000000,0.0000000000,0.3000000000
59.45000000,-28.079610,-3.176781,-7.867531,-92.780221,0.0000000000,0.0000000000,-0.2081301639,0.0000000000,0.0000000000,0.3000000000
59.50000000,-28.079610,-3.176781,-7.742594,-92.780221,0.0000000000,0.0000000000,-0.1931301639,0.0000000000,0.0000000000,0.3000000000
59.55000000,-28.079610,-3.176781,-7.616157,-92.780221,0.0000000000,0.0000000000,-0.1781301639,0.0000000000,0.0000000000,0.3000000000
59.60000000,-28.079610,-3.176781,-7.488220,-92.780221,0.0000000000,0.0000000000,-0.1631301639,0.0000000000,0.0000000000,0.3000000000
59.65000000,-28.079610,-3.176781,-7.358783,-92.780221,0.0000000000,0.0000000000,-0.1481301639,0.0000000000,0.0000000000,0.3000000000
59.70000000,-28.079610,-3.176781,-7.227846,-92.780221,0.0000000000,0.0000000000,-0.1331301639,0.0000000000,0.0000000000,0.3000000000
59.75000000,-28.079610,-3.176781,-7.095409,-92.780221,0.0000000000,0.0000000000,-0.1181301639,0.0000000000,0.0000000000,0.3000000000
59.80000000,-28.079610,-3.176781,-6.961472,-92.780221,0.0000000000,0.0000000000,-0.1031301639,0.0000000000,0.0000000000,0.3000000000
59.85000000,-28.079610,-3.176781,-6.826035,-92.780221,0.0000000000,0.0000000000,-0.0881301639,0.0000000000,0.0000000000,0.3000000000
59.90000000,-28.079610,-3.176781,-6.689098,-92.780221,0.0000000000,0.0000000000,-0.0731301639,0.0000000000,0.0000000000,0.3000000000
59.95000000,-28.079610,-3.176781,-6.550661,-92.780221,0.0000000000,0.0000000000,-0.0581301639,0.0000000000,0.0000000000,0.3000000000
60.00000000,-28.079610,-3.176781,-6.410724,-92.780221,0.0000000000,0.0000000000,-0.0431301639,0.0000000000,0.0000000000,0.3000000000
60.05000000,-28.079610,-3.176781,-6.269287,-92.780221,0.0000000000,0.0000000000,-0.0281301639,0.0000000000,0.0000000000,0.3000000000
60.10000000,-28.079610,-3.176781,-6.126350,-92.780221,0.0000000000,0.0000000000,0.0000000000,0.0000000000,0.0000000000,0.3000000000
